Workbook

Sheet Sheet1
B1: No | C1: Type | D1: Alpha Helix | E1: Trihelix | F1: Betashets | G1: Betaturns | H1: Disorder | I1: 1465 | J1: 1452 | K1: 1440 | L1: 1424 | M1: 1405 | N1: 1390 | O1: 1375 | P1: 1346 | Q1: 1284 | R1: 1260 | S1: 1243 | T1: 1234 | U1: 1203 | V1: 1081 | W1: 1064 | X1: 1050 | Y1: 1033 | Z1: 1022 | AA1: 1012 | AB1: 1012 cm−1 | AC1: 1022 cm−1 | AD1: 1033 cm−1 | AE1: 1050 cm−1 | AF1: 1064 cm−1 | AG1: 1081 cm−1 | AH1: 1203 cm−1 | AI1: 1234 cm−1 | AJ1: 1243 cm−1 | AK1: 1260 cm−1 | AL1: 1284 cm−1 | AM1: 1346 cm−1 | AN1: 1375 cm−1 | AO1: 1390 cm−1 | AP1: 1405 cm−1 | AQ1: 1424 cm−1 | AR1: 1440 cm−1 | AS1: 1452 cm−1 | AT1: 1465 cm−1 | AU1: Alpha-like helix | AV1: Beta-sheets | AW1: Beta-turns | AX1: Triple helix | AY1: Unordered | AZ1: 1012 cm−1 | BA1: 1022 cm−1 | BB1: 1033 cm−1 | BC1: 1050 cm−1 | BD1: 1064 cm−1 | BE1: 1081 cm−1 | BF1: 1203 cm−1 | BG1: 1234 cm−1 | BH1: 1243 cm−1 | BI1: 1260 cm−1 | BJ1: 1284 cm−1 | BK1: 1346 cm−1 | BL1: 1375 cm−1 | BM1: 1390 cm−1 | BN1: 1405 cm−1 | BO1: 1424 cm−1 | BP1: 1440 cm−1 | BQ1: 1452 cm−1 | BR1: 1465 cm−1 | BS1: Alpha-like helix | BT1: Beta-sheets | BU1: Beta-turns | BV1: Triple helix | BW1: Unordered | BX1: Mean | BY1: SD | BZ1: Trihelix | CA1: Betashets | CB1: Betaturns | CC1: Disorder | CD1: 1465 | CE1: 1452 | CF1: 1440 | CG1: 1424 | CH1: 1405 | CI1: 1390 | CJ1: 1375 | CK1: 1346 | CL1: 1284 | CM1: 1260 | CN1: 1243 | CO1: 1234 | CP1: 1203 | CQ1: 1081 | CR1: 1064 | CS1: 1050 | CT1: 1033 | CU1: 1022 | CV1: 1012 | CW1: Alpha Helix | CX1: Trihelix | CY1: Betashets | CZ1: Betaturns
B2: 1 | C2: 1 | D2: =RAND() -> 0.51976591 | E2: =RAND() -> 0.36928566 | F2: =RAND() -> 0.99996431 | G2: =RAND() -> 0.91652262 | H2: =RAND() -> 0.13658165 | I2: =RAND() -> 0.65762929 | J2: =RAND() -> 0.18893823 | K2: =RAND() -> 0.51555593 | ... AA2: =RAND() -> 0.34011012 | AB2: =D2*Sheet2!C$14/_xlfn.STDEV.S(D$2:D$31) -> 1.0429723 | AC2: =E2*Sheet2!D$14/_xlfn.STDEV.S(E$2:E$31) -> 2.7084817 | AD2: =F2*Sheet2!E$14/_xlfn.STDEV.S(F$2:F$31) -> 4.6686831 | AE2: =G2*Sheet2!F$14/_xlfn.STDEV.S(G$2:G$31) -> 7.4734689 | AF2: =H2*Sheet2!G$14/_xlfn.STDEV.S(H$2:H$31) -> 0.8771382 | AG2: =I2*Sheet2!H$14/_xlfn.STDEV.S(I$2:I$31) -> 7.0889674 | AH2: =J2*Sheet2!I$14/_xlfn.STDEV.S(J$2:J$31) -> 0.46053187 | AI2: =K2*Sheet2!J$14/_xlfn.STDEV.S(K$2:K$31) -> 1.5144359 | ... AY2: =AA2*Sheet2!Z$14/_xlfn.STDEV.S(AA$2:AA$31) -> 0.81582412 | AZ2: =AB2-AVERAGE(AB$2:AB$31)+Sheet2!C$13 -> 3.3011902 | BA2: =AC2-AVERAGE(AC$2:AC$31)+Sheet2!D$13 -> 5.7130162 | BB2: =AD2-AVERAGE(AD$2:AD$31)+Sheet2!E$13 -> 20.343037 | BC2: =AE2-AVERAGE(AE$2:AE$31)+Sheet2!F$13 -> 24.449684 | BD2: =AF2-AVERAGE(AF$2:AF$31)+Sheet2!G$13 -> 16.964021 | BE2: =AG2-AVERAGE(AG$2:AG$31)+Sheet2!H$13 -> 30.709782 | BF2: =AH2-AVERAGE(AH$2:AH$31)+Sheet2!I$13 -> 11.245717 | BG2: =AI2-AVERAGE(AI$2:AI$31)+Sheet2!J$13 -> 19.755805 | ... BW2: =AY2-AVERAGE(AY$2:AY$31)+Sheet2!Z$13 -> 7.7010138 | BZ2: =BA2-AVERAGE(BA$2:BA$31)+Sheet2!AB$13 -> -1.0511954 | CA2: =BB2-AVERAGE(BB$2:BB$31)+Sheet2!AC$13 -> 1.7190871 | CB2: =BC2-AVERAGE(BC$2:BC$31)+Sheet2!AD$13 -> 3.3588231 | CC2: =BD2-AVERAGE(BD$2:BD$31)+Sheet2!AE$13 -> -2.1977621
B3: 2 | C3: 1 | D3: =RAND() -> 0.54440082 | E3: =RAND() -> 0.14673193 | F3: =RAND() -> 0.93129605 | G3: =RAND() -> 0.72853666 | H3: =RAND() -> 0.87370154 | I3: =RAND() -> 0.87164669 | J3: =RAND() -> 0.35163872 | K3: =RAND() -> 0.97564789 | ... AA3: =RAND() -> 0.63925898 | AB3: =D3*Sheet2!C$14/_xlfn.STDEV.S(D$2:D$31) -> 1.0924052 | AC3: =E3*Sheet2!D$14/_xlfn.STDEV.S(E$2:E$31) -> 1.0761879 | AD3: =F3*Sheet2!E$14/_xlfn.STDEV.S(F$2:F$31) -> 4.3480813 | AE3: =G3*Sheet2!F$14/_xlfn.STDEV.S(G$2:G$31) -> 5.940602 | AF3: =H3*Sheet2!G$14/_xlfn.STDEV.S(H$2:H$31) -> 5.6109808 | AG3: =I3*Sheet2!H$14/_xlfn.STDEV.S(I$2:I$31) -> 9.3959851 | AH3: =J3*Sheet2!I$14/_xlfn.STDEV.S(J$2:J$31) -> 0.85710996 | AI3: =K3*Sheet2!J$14/_xlfn.STDEV.S(K$2:K$31) -> 2.8659475 | ... AY3: =AA3*Sheet2!Z$14/_xlfn.STDEV.S(AA$2:AA$31) -> 1.5333943 | AZ3: =AB3-AVERAGE(AB$2:AB$31)+Sheet2!C$13 -> 3.3506231 | BA3: =AC3-AVERAGE(AC$2:AC$31)+Sheet2!D$13 -> 4.0807223 | BB3: =AD3-AVERAGE(AD$2:AD$31)+Sheet2!E$13 -> 20.022435 | BC3: =AE3-AVERAGE(AE$2:AE$31)+Sheet2!F$13 -> 22.916817 | BD3: =AF3-AVERAGE(AF$2:AF$31)+Sheet2!G$13 -> 21.697863 | BE3: =AG3-AVERAGE(AG$2:AG$31)+Sheet2!H$13 -> 33.0168 | BF3: =AH3-AVERAGE(AH$2:AH$31)+Sheet2!I$13 -> 11.642295 | BG3: =AI3-AVERAGE(AI$2:AI$31)+Sheet2!J$13 -> 21.107316 | ... BW3: =AY3-AVERAGE(AY$2:AY$31)+Sheet2!Z$13 -> 8.418584 | BZ3: =BA3-AVERAGE(BA$2:BA$31)+Sheet2!AB$13 -> -2.6834892 | CA3: =BB3-AVERAGE(BB$2:BB$31)+Sheet2!AC$13 -> 1.3984853 | CB3: =BC3-AVERAGE(BC$2:BC$31)+Sheet2!AD$13 -> 1.8259562 | CC3: =BD3-AVERAGE(BD$2:BD$31)+Sheet2!AE$13 -> 2.5360805
B4: 3 | C4: 1 | D4: =RAND() -> 0.56081508 | E4: =RAND() -> 0.42809182 | F4: =RAND() -> 0.91026564 | G4: =RAND() -> 0.36069347 | H4: =RAND() -> 0.38432348 | I4: =RAND() -> 0.90001697 | J4: =RAND() -> 0.34318456 | K4: =RAND() -> 0.4505698 | ... AA4: =RAND() -> 0.79466693 | AB4: =D4*Sheet2!C$14/_xlfn.STDEV.S(D$2:D$31) -> 1.1253424 | AC4: =E4*Sheet2!D$14/_xlfn.STDEV.S(E$2:E$31) -> 3.1397884 | AD4: =F4*Sheet2!E$14/_xlfn.STDEV.S(F$2:F$31) -> 4.2498935 | AE4: =G4*Sheet2!F$14/_xlfn.STDEV.S(G$2:G$31) -> 2.941151 | AF4: =H4*Sheet2!G$14/_xlfn.STDEV.S(H$2:H$31) -> 2.468156 | AG4: =I4*Sheet2!H$14/_xlfn.STDEV.S(I$2:I$31) -> 9.7018048 | AH4: =J4*Sheet2!I$14/_xlfn.STDEV.S(J$2:J$31) -> 0.83650318 | AI4: =K4*Sheet2!J$14/_xlfn.STDEV.S(K$2:K$31) -> 1.3235404 | ... AY4: =AA4*Sheet2!Z$14/_xlfn.STDEV.S(AA$2:AA$31) -> 1.9061722 | AZ4: =AB4-AVERAGE(AB$2:AB$31)+Sheet2!C$13 -> 3.3835602 | BA4: =AC4-AVERAGE(AC$2:AC$31)+Sheet2!D$13 -> 6.1443229 | BB4: =AD4-AVERAGE(AD$2:AD$31)+Sheet2!E$13 -> 19.924247 | BC4: =AE4-AVERAGE(AE$2:AE$31)+Sheet2!F$13 -> 19.917366 | BD4: =AF4-AVERAGE(AF$2:AF$31)+Sheet2!G$13 -> 18.555039 | BE4: =AG4-AVERAGE(AG$2:AG$31)+Sheet2!H$13 -> 33.32262 | BF4: =AH4-AVERAGE(AH$2:AH$31)+Sheet2!I$13 -> 11.621689 | BG4: =AI4-AVERAGE(AI$2:AI$31)+Sheet2!J$13 -> 19.564909 | ... BW4: =AY4-AVERAGE(AY$2:AY$31)+Sheet2!Z$13 -> 8.7913619 | BZ4: =BA4-AVERAGE(BA$2:BA$31)+Sheet2!AB$13 -> -0.61988858 | CA4: =BB4-AVERAGE(BB$2:BB$31)+Sheet2!AC$13 -> 1.3002974 | CB4: =BC4-AVERAGE(BC$2:BC$31)+Sheet2!AD$13 -> -1.1734948 | CC4: =BD4-AVERAGE(BD$2:BD$31)+Sheet2!AE$13 -> -0.60674431
B5: 4 | C5: 1 | D5: =RAND() -> 0.82584004 | E5: =RAND() -> 0.77280685 | F5: =RAND() -> 0.55465604 | G5: =RAND() -> 0.52230931 | H5: =RAND() -> 0.61021605 | I5: =RAND() -> 0.4069365 | J5: =RAND() -> 0.78121222 | K5: =RAND() -> 0.92561858 | ... AA5: =RAND() -> 0.21113392 | AB5: =D5*Sheet2!C$14/_xlfn.STDEV.S(D$2:D$31) -> 1.6571466 | AC5: =E5*Sheet2!D$14/_xlfn.STDEV.S(E$2:E$31) -> 5.6680597 | AD5: =F5*Sheet2!E$14/_xlfn.STDEV.S(F$2:F$31) -> 2.5896057 | AE5: =G5*Sheet2!F$14/_xlfn.STDEV.S(G$2:G$31) -> 4.2589919 | AF5: =H5*Sheet2!G$14/_xlfn.STDEV.S(H$2:H$31) -> 3.918856 | AG5: =I5*Sheet2!H$14/_xlfn.STDEV.S(I$2:I$31) -> 4.3866044 | AH5: =J5*Sheet2!I$14/_xlfn.STDEV.S(J$2:J$31) -> 1.9041838 | AI5: =K5*Sheet2!J$14/_xlfn.STDEV.S(K$2:K$31) -> 2.7189873 | ... AY5: =AA5*Sheet2!Z$14/_xlfn.STDEV.S(AA$2:AA$31) -> 0.50644817 | AZ5: =AB5-AVERAGE(AB$2:AB$31)+Sheet2!C$13 -> 3.9153645 | BA5: =AC5-AVERAGE(AC$2:AC$31)+Sheet2!D$13 -> 8.6725942 | BB5: =AD5-AVERAGE(AD$2:AD$31)+Sheet2!E$13 -> 18.263959 | BC5: =AE5-AVERAGE(AE$2:AE$31)+Sheet2!F$13 -> 21.235207 | BD5: =AF5-AVERAGE(AF$2:AF$31)+Sheet2!G$13 -> 20.005739 | BE5: =AG5-AVERAGE(AG$2:AG$31)+Sheet2!H$13 -> 28.007419 | BF5: =AH5-AVERAGE(AH$2:AH$31)+Sheet2!I$13 -> 12.689369 | BG5: =AI5-AVERAGE(AI$2:AI$31)+Sheet2!J$13 -> 20.960356 | ... BW5: =AY5-AVERAGE(AY$2:AY$31)+Sheet2!Z$13 -> 7.3916379 | BZ5: =BA5-AVERAGE(BA$2:BA$31)+Sheet2!AB$13 -> 1.9083827 | CA5: =BB5-AVERAGE(BB$2:BB$31)+Sheet2!AC$13 -> -0.35999035 | CB5: =BC5-AVERAGE(BC$2:BC$31)+Sheet2!AD$13 -> 0.14434607 | CC5: =BD5-AVERAGE(BD$2:BD$31)+Sheet2!AE$13 -> 0.84395572
B6: 5 | C6: 1 | D6: =RAND() -> 0.33767065 | E6: =RAND() -> 0.85874984 | F6: =RAND() -> 0.78858701 | G6: =RAND() -> 0.1320552 | H6: =RAND() -> 0.36393335 | I6: =RAND() -> 0.46190209 | J6: =RAND() -> 0.15294845 | K6: =RAND() -> 0.75810347 | ... AA6: =RAND() -> 0.7847786 | AB6: =D6*Sheet2!C$14/_xlfn.STDEV.S(D$2:D$31) -> 0.67757649 | AC6: =E6*Sheet2!D$14/_xlfn.STDEV.S(E$2:E$31) -> 6.2983984 | AD6: =F6*Sheet2!E$14/_xlfn.STDEV.S(F$2:F$31) -> 3.6817942 | AE6: =G6*Sheet2!F$14/_xlfn.STDEV.S(G$2:G$31) -> 1.0767988 | AF6: =H6*Sheet2!G$14/_xlfn.STDEV.S(H$2:H$31) -> 2.337209 | AG6: =I6*Sheet2!H$14/_xlfn.STDEV.S(I$2:I$31) -> 4.9791104 | AH6: =J6*Sheet2!I$14/_xlfn.STDEV.S(J$2:J$31) -> 0.37280776 | AI6: =K6*Sheet2!J$14/_xlfn.STDEV.S(K$2:K$31) -> 2.2269148 | ... AY6: =AA6*Sheet2!Z$14/_xlfn.STDEV.S(AA$2:AA$31) -> 1.882453 | AZ6: =AB6-AVERAGE(AB$2:AB$31)+Sheet2!C$13 -> 2.9357943 | BA6: =AC6-AVERAGE(AC$2:AC$31)+Sheet2!D$13 -> 9.3029329 | BB6: =AD6-AVERAGE(AD$2:AD$31)+Sheet2!E$13 -> 19.356148 | BC6: =AE6-AVERAGE(AE$2:AE$31)+Sheet2!F$13 -> 18.053014 | BD6: =AF6-AVERAGE(AF$2:AF$31)+Sheet2!G$13 -> 18.424092 | BE6: =AG6-AVERAGE(AG$2:AG$31)+Sheet2!H$13 -> 28.599925 | BF6: =AH6-AVERAGE(AH$2:AH$31)+Sheet2!I$13 -> 11.157993 | BG6: =AI6-AVERAGE(AI$2:AI$31)+Sheet2!J$13 -> 20.468284 | ... BW6: =AY6-AVERAGE(AY$2:AY$31)+Sheet2!Z$13 -> 8.7676427 | BZ6: =BA6-AVERAGE(BA$2:BA$31)+Sheet2!AB$13 -> 2.5387213 | CA6: =BB6-AVERAGE(BB$2:BB$31)+Sheet2!AC$13 -> 0.73219823 | CB6: =BC6-AVERAGE(BC$2:BC$31)+Sheet2!AD$13 -> -3.037847 | CC6: =BD6-AVERAGE(BD$2:BD$31)+Sheet2!AE$13 -> -0.73769134
B7: 6 | C7: 1 | D7: =RAND() -> 0.1590516 | E7: =RAND() -> 0.087883012 | F7: =RAND() -> 0.48826426 | G7: =RAND() -> 0.18842197 | H7: =RAND() -> 0.57878223 | I7: =RAND() -> 0.43520954 | J7: =RAND() -> 0.3404211 | K7: =RAND() -> 0.87833877 | ... AA7: =RAND() -> 0.11674374 | AB7: =D7*Sheet2!C$14/_xlfn.STDEV.S(D$2:D$31) -> 0.31915602 | AC7: =E7*Sheet2!D$14/_xlfn.STDEV.S(E$2:E$31) -> 0.64456748 | AD7: =F7*Sheet2!E$14/_xlfn.STDEV.S(F$2:F$31) -> 2.2796325 | AE7: =G7*Sheet2!F$14/_xlfn.STDEV.S(G$2:G$31) -> 1.5364223 | AF7: =H7*Sheet2!G$14/_xlfn.STDEV.S(H$2:H$31) -> 3.7169855 | AG7: =I7*Sheet2!H$14/_xlfn.STDEV.S(I$2:I$31) -> 4.691376 | AH7: =J7*Sheet2!I$14/_xlfn.STDEV.S(J$2:J$31) -> 0.82976732 | AI7: =K7*Sheet2!J$14/_xlfn.STDEV.S(K$2:K$31) -> 2.5801037 | ... AY7: =AA7*Sheet2!Z$14/_xlfn.STDEV.S(AA$2:AA$31) -> 0.28003389 | AZ7: =AB7-AVERAGE(AB$2:AB$31)+Sheet2!C$13 -> 2.5773738 | BA7: =AC7-AVERAGE(AC$2:AC$31)+Sheet2!D$13 -> 3.649102 | BB7: =AD7-AVERAGE(AD$2:AD$31)+Sheet2!E$13 -> 17.953986 | BC7: =AE7-AVERAGE(AE$2:AE$31)+Sheet2!F$13 -> 18.512638 | BD7: =AF7-AVERAGE(AF$2:AF$31)+Sheet2!G$13 -> 19.803868 | BE7: =AG7-AVERAGE(AG$2:AG$31)+Sheet2!H$13 -> 28.312191 | BF7: =AH7-AVERAGE(AH$2:AH$31)+Sheet2!I$13 -> 11.614953 | BG7: =AI7-AVERAGE(AI$2:AI$31)+Sheet2!J$13 -> 20.821473 | ... BW7: =AY7-AVERAGE(AY$2:AY$31)+Sheet2!Z$13 -> 7.1652236 | BZ7: =BA7-AVERAGE(BA$2:BA$31)+Sheet2!AB$13 -> -3.1151096 | CA7: =BB7-AVERAGE(BB$2:BB$31)+Sheet2!AC$13 -> -0.66996356 | CB7: =BC7-AVERAGE(BC$2:BC$31)+Sheet2!AD$13 -> -2.5782235 | CC7: =BD7-AVERAGE(BD$2:BD$31)+Sheet2!AE$13 -> 0.64208521
B8: 7 | C8: 1 | D8: =RAND() -> 0.73628978 | E8: =RAND() -> 0.35007133 | F8: =RAND() -> 0.92826693 | G8: =RAND() -> 0.33451872 | H8: =RAND() -> 0.012869384 | I8: =RAND() -> 0.11762915 | J8: =RAND() -> 0.039866063 | K8: =RAND() -> 0.10524593 | ... AA8: =RAND() -> 0.16231666 | AB8: =D8*Sheet2!C$14/_xlfn.STDEV.S(D$2:D$31) -> 1.4774534 | AC8: =E8*Sheet2!D$14/_xlfn.STDEV.S(E$2:E$31) -> 2.5675565 | AD8: =F8*Sheet2!E$14/_xlfn.STDEV.S(F$2:F$31) -> 4.3339388 | AE8: =G8*Sheet2!F$14/_xlfn.STDEV.S(G$2:G$31) -> 2.727718 | AF8: =H8*Sheet2!G$14/_xlfn.STDEV.S(H$2:H$31) -> 0.082648209 | AG8: =I8*Sheet2!H$14/_xlfn.STDEV.S(I$2:I$31) -> 1.2679928 | AH8: =J8*Sheet2!I$14/_xlfn.STDEV.S(J$2:J$31) -> 0.09717246 | AI8: =K8*Sheet2!J$14/_xlfn.STDEV.S(K$2:K$31) -> 0.30915797 | ... AY8: =AA8*Sheet2!Z$14/_xlfn.STDEV.S(AA$2:AA$31) -> 0.38934991 | AZ8: =AB8-AVERAGE(AB$2:AB$31)+Sheet2!C$13 -> 3.7356712 | BA8: =AC8-AVERAGE(AC$2:AC$31)+Sheet2!D$13 -> 5.572091 | BB8: =AD8-AVERAGE(AD$2:AD$31)+Sheet2!E$13 -> 20.008292 | BC8: =AE8-AVERAGE(AE$2:AE$31)+Sheet2!F$13 -> 19.703933 | BD8: =AF8-AVERAGE(AF$2:AF$31)+Sheet2!G$13 -> 16.169531 | BE8: =AG8-AVERAGE(AG$2:AG$31)+Sheet2!H$13 -> 24.888808 | BF8: =AH8-AVERAGE(AH$2:AH$31)+Sheet2!I$13 -> 10.882358 | BG8: =AI8-AVERAGE(AI$2:AI$31)+Sheet2!J$13 -> 18.550527 | ... BW8: =AY8-AVERAGE(AY$2:AY$31)+Sheet2!Z$13 -> 7.2745396 | BZ8: =BA8-AVERAGE(BA$2:BA$31)+Sheet2!AB$13 -> -1.1921206 | CA8: =BB8-AVERAGE(BB$2:BB$31)+Sheet2!AC$13 -> 1.3843428 | CB8: =BC8-AVERAGE(BC$2:BC$31)+Sheet2!AD$13 -> -1.3869278 | CC8: =BD8-AVERAGE(BD$2:BD$31)+Sheet2!AE$13 -> -2.9922521
B9: 8 | C9: 1 | D9: =RAND() -> 0.4589572 | E9: =RAND() -> 0.51822131 | F9: =RAND() -> 0.73337104 | G9: =RAND() -> 0.87656506 | H9: =RAND() -> 0.84565902 | I9: =RAND() -> 0.87078458 | J9: =RAND() -> 0.81592661 | K9: =RAND() -> 0.41562655 | ... AA9: =RAND() -> 0.92175448 | AB9: =D9*Sheet2!C$14/_xlfn.STDEV.S(D$2:D$31) -> 0.92095242 | AC9: =E9*Sheet2!D$14/_xlfn.STDEV.S(E$2:E$31) -> 3.8008324 | AD9: =F9*Sheet2!E$14/_xlfn.STDEV.S(F$2:F$31) -> 3.4239992 | AE9: =G9*Sheet2!F$14/_xlfn.STDEV.S(G$2:G$31) -> 7.1476487 | AF9: =H9*Sheet2!G$14/_xlfn.STDEV.S(H$2:H$31) -> 5.4308895 | AG9: =I9*Sheet2!H$14/_xlfn.STDEV.S(I$2:I$31) -> 9.3866919 | AH9: =J9*Sheet2!I$14/_xlfn.STDEV.S(J$2:J$31) -> 1.9887992 | AI9: =K9*Sheet2!J$14/_xlfn.STDEV.S(K$2:K$31) -> 1.2208952 | ... AY9: =AA9*Sheet2!Z$14/_xlfn.STDEV.S(AA$2:AA$31) -> 2.2110178 | AZ9: =AB9-AVERAGE(AB$2:AB$31)+Sheet2!C$13 -> 3.1791702 | BA9: =AC9-AVERAGE(AC$2:AC$31)+Sheet2!D$13 -> 6.8053669 | BB9: =AD9-AVERAGE(AD$2:AD$31)+Sheet2!E$13 -> 19.098353 | BC9: =AE9-AVERAGE(AE$2:AE$31)+Sheet2!F$13 -> 24.123864 | BD9: =AF9-AVERAGE(AF$2:AF$31)+Sheet2!G$13 -> 21.517772 | BE9: =AG9-AVERAGE(AG$2:AG$31)+Sheet2!H$13 -> 33.007507 | BF9: =AH9-AVERAGE(AH$2:AH$31)+Sheet2!I$13 -> 12.773985 | BG9: =AI9-AVERAGE(AI$2:AI$31)+Sheet2!J$13 -> 19.462264 | ... BW9: =AY9-AVERAGE(AY$2:AY$31)+Sheet2!Z$13 -> 9.0962076 | BZ9: =BA9-AVERAGE(BA$2:BA$31)+Sheet2!AB$13 -> 0.041155394 | CA9: =BB9-AVERAGE(BB$2:BB$31)+Sheet2!AC$13 -> 0.47440316 | CB9: =BC9-AVERAGE(BC$2:BC$31)+Sheet2!AD$13 -> 3.0330029 | CC9: =BD9-AVERAGE(BD$2:BD$31)+Sheet2!AE$13 -> 2.3559892
B10: 9 | C10: 1 | D10: =RAND() -> 0.071819088 | E10: =RAND() -> 0.75437959 | F10: =RAND() -> 0.93512248 | G10: =RAND() -> 0.63646603 | H10: =RAND() -> 0.95263062 | I10: =RAND() -> 0.47403951 | J10: =RAND() -> 0.16622424 | K10: =RAND() -> 0.40224168 | ... AA10: =RAND() -> 0.32041536 | AB10: =D10*Sheet2!C$14/_xlfn.STDEV.S(D$2:D$31) -> 0.14411358 | AC10: =E10*Sheet2!D$14/_xlfn.STDEV.S(E$2:E$31) -> 5.5329072 | AD10: =F10*Sheet2!E$14/_xlfn.STDEV.S(F$2:F$31) -> 4.3659463 | AE10: =G10*Sheet2!F$14/_xlfn.STDEV.S(G$2:G$31) -> 5.1898436 | AF10: =H10*Sheet2!G$14/_xlfn.STDEV.S(H$2:H$31) -> 6.1178696 | AG10: =I10*Sheet2!H$14/_xlfn.STDEV.S(I$2:I$31) -> 5.1099467 | AH10: =J10*Sheet2!I$14/_xlfn.STDEV.S(J$2:J$31) -> 0.40516712 | AI10: =K10*Sheet2!J$14/_xlfn.STDEV.S(K$2:K$31) -> 1.1815774 | ... AY10: =AA10*Sheet2!Z$14/_xlfn.STDEV.S(AA$2:AA$31) -> 0.76858218 | AZ10: =AB10-AVERAGE(AB$2:AB$31)+Sheet2!C$13 -> 2.4023314 | BA10: =AC10-AVERAGE(AC$2:AC$31)+Sheet2!D$13 -> 8.5374417 | BB10: =AD10-AVERAGE(AD$2:AD$31)+Sheet2!E$13 -> 20.0403 | BC10: =AE10-AVERAGE(AE$2:AE$31)+Sheet2!F$13 -> 22.166059 | BD10: =AF10-AVERAGE(AF$2:AF$31)+Sheet2!G$13 -> 22.204752 | BE10: =AG10-AVERAGE(AG$2:AG$31)+Sheet2!H$13 -> 28.730762 | BF10: =AH10-AVERAGE(AH$2:AH$31)+Sheet2!I$13 -> 11.190353 | BG10: =AI10-AVERAGE(AI$2:AI$31)+Sheet2!J$13 -> 19.422946 | ... BW10: =AY10-AVERAGE(AY$2:AY$31)+Sheet2!Z$13 -> 7.6537719 | BZ10: =BA10-AVERAGE(BA$2:BA$31)+Sheet2!AB$13 -> 1.7732302 | CA10: =BB10-AVERAGE(BB$2:BB$31)+Sheet2!AC$13 -> 1.4163503 | CB10: =BC10-AVERAGE(BC$2:BC$31)+Sheet2!AD$13 -> 1.0751978 | CC10: =BD10-AVERAGE(BD$2:BD$31)+Sheet2!AE$13 -> 3.0429693
B11: 10 | C11: 1 | D11: =RAND() -> 0.50370934 | E11: =RAND() -> 0.50471334 | F11: =RAND() -> 0.040162938 | G11: =RAND() -> 0.5078076 | H11: =RAND() -> 0.24301974 | I11: =RAND() -> 0.64516124 | J11: =RAND() -> 0.35627477 | K11: =RAND() -> 0.80925587 | ... AA11: =RAND() -> 0.11815166 | AB11: =D11*Sheet2!C$14/_xlfn.STDEV.S(D$2:D$31) -> 1.0107529 | AC11: =E11*Sheet2!D$14/_xlfn.STDEV.S(E$2:E$31) -> 3.7017598 | AD11: =F11*Sheet2!E$14/_xlfn.STDEV.S(F$2:F$31) -> 0.18751472 | AE11: =G11*Sheet2!F$14/_xlfn.STDEV.S(G$2:G$31) -> 4.1407426 | AF11: =H11*Sheet2!G$14/_xlfn.STDEV.S(H$2:H$31) -> 1.5606921 | AG11: =I11*Sheet2!H$14/_xlfn.STDEV.S(I$2:I$31) -> 6.9545671 | AH11: =J11*Sheet2!I$14/_xlfn.STDEV.S(J$2:J$31) -> 0.86841022 | AI11: =K11*Sheet2!J$14/_xlfn.STDEV.S(K$2:K$31) -> 2.377174 | ... AY11: =AA11*Sheet2!Z$14/_xlfn.STDEV.S(AA$2:AA$31) -> 0.28341108 | AZ11: =AB11-AVERAGE(AB$2:AB$31)+Sheet2!C$13 -> 3.2689708 | BA11: =AC11-AVERAGE(AC$2:AC$31)+Sheet2!D$13 -> 6.7062943 | BB11: =AD11-AVERAGE(AD$2:AD$31)+Sheet2!E$13 -> 15.861868 | BC11: =AE11-AVERAGE(AE$2:AE$31)+Sheet2!F$13 -> 21.116958 | BD11: =AF11-AVERAGE(AF$2:AF$31)+Sheet2!G$13 -> 17.647575 | BE11: =AG11-AVERAGE(AG$2:AG$31)+Sheet2!H$13 -> 30.575382 | BF11: =AH11-AVERAGE(AH$2:AH$31)+Sheet2!I$13 -> 11.653596 | BG11: =AI11-AVERAGE(AI$2:AI$31)+Sheet2!J$13 -> 20.618543 | ... BW11: =AY11-AVERAGE(AY$2:AY$31)+Sheet2!Z$13 -> 7.1686008 | BZ11: =BA11-AVERAGE(BA$2:BA$31)+Sheet2!AB$13 -> -0.057917185 | CA11: =BB11-AVERAGE(BB$2:BB$31)+Sheet2!AC$13 -> -2.7620813 | CB11: =BC11-AVERAGE(BC$2:BC$31)+Sheet2!AD$13 -> 0.026096829 | CC11: =BD11-AVERAGE(BD$2:BD$31)+Sheet2!AE$13 -> -1.5142082
B12: 11 | C12: 1 | D12: =RAND() -> 0.0025052945 | E12: =RAND() -> 0.92897582 | F12: =RAND() -> 0.88222114 | G12: =RAND() -> 0.42710448 | H12: =RAND() -> 0.41958462 | I12: =RAND() -> 0.30690419 | J12: =RAND() -> 0.20963127 | K12: =RAND() -> 0.56910123 | ... AA12: =RAND() -> 0.54040616 | AB12: =D12*Sheet2!C$14/_xlfn.STDEV.S(D$2:D$31) -> 0.0050271725 | AC12: =E12*Sheet2!D$14/_xlfn.STDEV.S(E$2:E$31) -> 6.8134624 | AD12: =F12*Sheet2!E$14/_xlfn.STDEV.S(F$2:F$31) -> 4.1189579 | AE12: =G12*Sheet2!F$14/_xlfn.STDEV.S(G$2:G$31) -> 3.4826768 | AF12: =H12*Sheet2!G$14/_xlfn.STDEV.S(H$2:H$31) -> 2.6946058 | AG12: =I12*Sheet2!H$14/_xlfn.STDEV.S(I$2:I$31) -> 3.3082982 | AH12: =J12*Sheet2!I$14/_xlfn.STDEV.S(J$2:J$31) -> 0.51097059 | AI12: =K12*Sheet2!J$14/_xlfn.STDEV.S(K$2:K$31) -> 1.6717242 | ... AY12: =AA12*Sheet2!Z$14/_xlfn.STDEV.S(AA$2:AA$31) -> 1.2962754 | AZ12: =AB12-AVERAGE(AB$2:AB$31)+Sheet2!C$13 -> 2.263245 | BA12: =AC12-AVERAGE(AC$2:AC$31)+Sheet2!D$13 -> 9.8179969 | BB12: =AD12-AVERAGE(AD$2:AD$31)+Sheet2!E$13 -> 19.793311 | BC12: =AE12-AVERAGE(AE$2:AE$31)+Sheet2!F$13 -> 20.458892 | BD12: =AF12-AVERAGE(AF$2:AF$31)+Sheet2!G$13 -> 18.781488 | BE12: =AG12-AVERAGE(AG$2:AG$31)+Sheet2!H$13 -> 26.929113 | BF12: =AH12-AVERAGE(AH$2:AH$31)+Sheet2!I$13 -> 11.296156 | BG12: =AI12-AVERAGE(AI$2:AI$31)+Sheet2!J$13 -> 19.913093 | ... BW12: =AY12-AVERAGE(AY$2:AY$31)+Sheet2!Z$13 -> 8.1814651 | BZ12: =BA12-AVERAGE(BA$2:BA$31)+Sheet2!AB$13 -> 3.0537854 | CA12: =BB12-AVERAGE(BB$2:BB$31)+Sheet2!AC$13 -> 1.1693619 | CB12: =BC12-AVERAGE(BC$2:BC$31)+Sheet2!AD$13 -> -0.63196903 | CC12: =BD12-AVERAGE(BD$2:BD$31)+Sheet2!AE$13 -> -0.38029448
B13: 12 | C13: 1 | D13: =RAND() -> 0.061888698 | E13: =RAND() -> 0.82120652 | F13: =RAND() -> 0.98762838 | G13: =RAND() -> 0.093504435 | H13: =RAND() -> 0.84685598 | I13: =RAND() -> 0.53286097 | J13: =RAND() -> 0.78761751 | K13: =RAND() -> 0.8136357 | ... AA13: =RAND() -> 0.31480556 | AB13: =D13*Sheet2!C$14/_xlfn.STDEV.S(D$2:D$31) -> 0.12418706 | AC13: =E13*Sheet2!D$14/_xlfn.STDEV.S(E$2:E$31) -> 6.0230414 | AD13: =F13*Sheet2!E$14/_xlfn.STDEV.S(F$2:F$31) -> 4.6110885 | AE13: =G13*Sheet2!F$14/_xlfn.STDEV.S(G$2:G$31) -> 0.76244979 | AF13: =H13*Sheet2!G$14/_xlfn.STDEV.S(H$2:H$31) -> 5.4385765 | AG13: =I13*Sheet2!H$14/_xlfn.STDEV.S(I$2:I$31) -> 5.7440174 | AH13: =J13*Sheet2!I$14/_xlfn.STDEV.S(J$2:J$31) -> 1.9197966 | AI13: =K13*Sheet2!J$14/_xlfn.STDEV.S(K$2:K$31) -> 2.3900397 | ... AY13: =AA13*Sheet2!Z$14/_xlfn.STDEV.S(AA$2:AA$31) -> 0.75512594 | AZ13: =AB13-AVERAGE(AB$2:AB$31)+Sheet2!C$13 -> 2.3824049 | BA13: =AC13-AVERAGE(AC$2:AC$31)+Sheet2!D$13 -> 9.0275759 | BB13: =AD13-AVERAGE(AD$2:AD$31)+Sheet2!E$13 -> 20.285442 | BC13: =AE13-AVERAGE(AE$2:AE$31)+Sheet2!F$13 -> 17.738665 | BD13: =AF13-AVERAGE(AF$2:AF$31)+Sheet2!G$13 -> 21.525459 | BE13: =AG13-AVERAGE(AG$2:AG$31)+Sheet2!H$13 -> 29.364832 | BF13: =AH13-AVERAGE(AH$2:AH$31)+Sheet2!I$13 -> 12.704982 | BG13: =AI13-AVERAGE(AI$2:AI$31)+Sheet2!J$13 -> 20.631408 | ... BW13: =AY13-AVERAGE(AY$2:AY$31)+Sheet2!Z$13 -> 7.6403157 | BZ13: =BA13-AVERAGE(BA$2:BA$31)+Sheet2!AB$13 -> 2.2633644 | CA13: =BB13-AVERAGE(BB$2:BB$31)+Sheet2!AC$13 -> 1.6614924 | CB13: =BC13-AVERAGE(BC$2:BC$31)+Sheet2!AD$13 -> -3.352196 | CC13: =BD13-AVERAGE(BD$2:BD$31)+Sheet2!AE$13 -> 2.3636762
... B31: 30 | C31: 1 | D31: =RAND() -> 0.75924105 | E31: =RAND() -> 0.78551801 | F31: =RAND() -> 0.7141686 | G31: =RAND() -> 0.21376148 | H31: =RAND() -> 0.55092353 | I31: =RAND() -> 0.44560814 | J31: =RAND() -> 0.14284663 | K31: =RAND() -> 0.086259508 | ... AA31: =RAND() -> 0.12440671 | AB31: =D31*Sheet2!C$14/_xlfn.STDEV.S(D$2:D$31) -> 1.5235078 | AC31: =E31*Sheet2!D$14/_xlfn.STDEV.S(E$2:E$31) -> 5.7612882 | AD31: =F31*Sheet2!E$14/_xlfn.STDEV.S(F$2:F$31) -> 3.3343459 | AE31: =G31*Sheet2!F$14/_xlfn.STDEV.S(G$2:G$31) -> 1.7430445 | AF31: =H31*Sheet2!G$14/_xlfn.STDEV.S(H$2:H$31) -> 3.5380748 | AG31: =I31*Sheet2!H$14/_xlfn.STDEV.S(I$2:I$31) -> 4.8034685 | AH31: =J31*Sheet2!I$14/_xlfn.STDEV.S(J$2:J$31) -> 0.34818484 | AI31: =K31*Sheet2!J$14/_xlfn.STDEV.S(K$2:K$31) -> 0.2533857 | ... AY31: =AA31*Sheet2!Z$14/_xlfn.STDEV.S(AA$2:AA$31) -> 0.2984151 | AZ31: =AB31-AVERAGE(AB$2:AB$31)+Sheet2!C$13 -> 3.7817256 | BA31: =AC31-AVERAGE(AC$2:AC$31)+Sheet2!D$13 -> 8.7658227 | BB31: =AD31-AVERAGE(AD$2:AD$31)+Sheet2!E$13 -> 19.008699 | BC31: =AE31-AVERAGE(AE$2:AE$31)+Sheet2!F$13 -> 18.71926 | BD31: =AF31-AVERAGE(AF$2:AF$31)+Sheet2!G$13 -> 19.624957 | BE31: =AG31-AVERAGE(AG$2:AG$31)+Sheet2!H$13 -> 28.424283 | BF31: =AH31-AVERAGE(AH$2:AH$31)+Sheet2!I$13 -> 11.13337 | BG31: =AI31-AVERAGE(AI$2:AI$31)+Sheet2!J$13 -> 18.494754 | ... BW31: =AY31-AVERAGE(AY$2:AY$31)+Sheet2!Z$13 -> 7.1836048 | BZ31: =BA31-AVERAGE(BA$2:BA$31)+Sheet2!AB$13 -> 2.0016112 | CA31: =BB31-AVERAGE(BB$2:BB$31)+Sheet2!AC$13 -> 0.38474983 | CB31: =BC31-AVERAGE(BC$2:BC$31)+Sheet2!AD$13 -> -2.3716012 | CC31: =BD31-AVERAGE(BD$2:BD$31)+Sheet2!AE$13 -> 0.46317446
B32: 31 | C32: 2 | D32: =RAND() -> 0.52796672 | E32: =RAND() -> 0.39419202 | F32: =RAND() -> 0.46918804 | G32: =RAND() -> 0.54302718 | H32: =RAND() -> 0.25629617 | I32: =RAND() -> 0.40973256 | J32: =RAND() -> 0.52949943 | K32: =RAND() -> 0.60238322 | ... AA32: =RAND() -> 0.31770549 | AB32: =D32*Sheet2!C$16/_xlfn.STDEV.S(D$32:D$61) -> 2.5444117 | AC32: =E32*Sheet2!D$16/_xlfn.STDEV.S(E$32:E$61) -> 2.808757 | AD32: =F32*Sheet2!E$16/_xlfn.STDEV.S(F$32:F$61) -> 2.677144 | AE32: =G32*Sheet2!F$16/_xlfn.STDEV.S(G$32:G$61) -> 4.4497821 | AF32: =H32*Sheet2!G$16/_xlfn.STDEV.S(H$32:H$61) -> 3.929494 | AG32: =I32*Sheet2!H$16/_xlfn.STDEV.S(I$32:I$61) -> 4.3894219 | AH32: =J32*Sheet2!I$16/_xlfn.STDEV.S(J$32:J$61) -> 1.2849508 | AI32: =K32*Sheet2!J$16/_xlfn.STDEV.S(K$32:K$61) -> 2.0086439 | ... AY32: =AA32*Sheet2!Z$16/_xlfn.STDEV.S(AA$32:AA$61) -> 0.58526856 | AZ32: =AB32-AVERAGE(AB$32:AB$61)+Sheet2!C$15 -> 4.5510196 | BA32: =AC32-AVERAGE(AC$32:AC$61)+Sheet2!D$15 -> 8.1690721 | BB32: =AD32-AVERAGE(AD$32:AD$61)+Sheet2!E$15 -> 17.456491 | BC32: =AE32-AVERAGE(AE$32:AE$61)+Sheet2!F$15 -> 17.202541 | BD32: =AF32-AVERAGE(AF$32:AF$61)+Sheet2!G$15 -> 18.476442 | BE32: =AG32-AVERAGE(AG$32:AG$61)+Sheet2!H$15 -> 29.786297 | BF32: =AH32-AVERAGE(AH$32:AH$61)+Sheet2!I$15 -> 12.617198 | BG32: =AI32-AVERAGE(AI$32:AI$61)+Sheet2!J$15 -> 22.646957 | ... BW32: =AY32-AVERAGE(AY$32:AY$61)+Sheet2!Z$15 -> 7.629403 | BZ32: =BA32-AVERAGE(AH$32:AH$61)+Sheet2!AB$15 -> 6.8525245 | CA32: =BB32-AVERAGE(AI$32:AI$61)+Sheet2!AC$15 -> 15.996102 | CB32: =BC32-AVERAGE(AJ$32:AJ$61)+Sheet2!AD$15 -> 14.174693 | CC32: =BD32-AVERAGE(AK$32:AK$61)+Sheet2!AE$15 -> 15.814486
B33: 32 | C33: 2 | D33: =RAND() -> 0.55278508 | E33: =RAND() -> 0.85327497 | F33: =RAND() -> 0.15994417 | G33: =RAND() -> 0.115942 | H33: =RAND() -> 0.33744418 | I33: =RAND() -> 0.74583347 | J33: =RAND() -> 0.56611461 | K33: =RAND() -> 0.73117332 | ... AA33: =RAND() -> 0.026672072 | AB33: =D33*Sheet2!C$16/_xlfn.STDEV.S(D$32:D$61) -> 2.664018 | AC33: =E33*Sheet2!D$16/_xlfn.STDEV.S(E$32:E$61) -> 6.0798848 | AD33: =F33*Sheet2!E$16/_xlfn.STDEV.S(F$32:F$61) -> 0.91262679 | AE33: =G33*Sheet2!F$16/_xlfn.STDEV.S(G$32:G$61) -> 0.95007517 | AF33: =H33*Sheet2!G$16/_xlfn.STDEV.S(H$32:H$61) -> 5.173643 | AG33: =I33*Sheet2!H$16/_xlfn.STDEV.S(I$32:I$61) -> 7.9900357 | AH33: =J33*Sheet2!I$16/_xlfn.STDEV.S(J$32:J$61) -> 1.3738058 | AI33: =K33*Sheet2!J$16/_xlfn.STDEV.S(K$32:K$61) -> 2.4380939 | ... AY33: =AA33*Sheet2!Z$16/_xlfn.STDEV.S(AA$32:AA$61) -> 0.049134579 | AZ33: =AB33-AVERAGE(AB$32:AB$61)+Sheet2!C$15 -> 4.6706258 | BA33: =AC33-AVERAGE(AC$32:AC$61)+Sheet2!D$15 -> 11.4402 | BB33: =AD33-AVERAGE(AD$32:AD$61)+Sheet2!E$15 -> 15.691974 | BC33: =AE33-AVERAGE(AE$32:AE$61)+Sheet2!F$15 -> 13.702834 | BD33: =AF33-AVERAGE(AF$32:AF$61)+Sheet2!G$15 -> 19.720591 | BE33: =AG33-AVERAGE(AG$32:AG$61)+Sheet2!H$15 -> 33.386911 | BF33: =AH33-AVERAGE(AH$32:AH$61)+Sheet2!I$15 -> 12.706053 | BG33: =AI33-AVERAGE(AI$32:AI$61)+Sheet2!J$15 -> 23.076407 | ... BW33: =AY33-AVERAGE(AY$32:AY$61)+Sheet2!Z$15 -> 7.093269 | BZ33: =BA33-AVERAGE(AH$32:AH$61)+Sheet2!AB$15 -> 10.123652 | CA33: =BB33-AVERAGE(AI$32:AI$61)+Sheet2!AC$15 -> 14.231584 | CB33: =BC33-AVERAGE(AJ$32:AJ$61)+Sheet2!AD$15 -> 10.674986 | CC33: =BD33-AVERAGE(AK$32:AK$61)+Sheet2!AE$15 -> 17.058635
B34: 33 | C34: 2 | D34: =RAND() -> 0.37132146 | E34: =RAND() -> 0.68430779 | F34: =RAND() -> 0.16875106 | G34: =RAND() -> 0.48850398 | H34: =RAND() -> 0.64818737 | I34: =RAND() -> 0.44641264 | J34: =RAND() -> 0.015721293 | K34: =RAND() -> 0.13145668 | ... AA34: =RAND() -> 0.29760837 | AB34: =D34*Sheet2!C$16/_xlfn.STDEV.S(D$32:D$61) -> 1.7894966 | AC34: =E34*Sheet2!D$16/_xlfn.STDEV.S(E$32:E$61) -> 4.8759341 | AD34: =F34*Sheet2!E$16/_xlfn.STDEV.S(F$32:F$61) -> 0.96287809 | AE34: =G34*Sheet2!F$16/_xlfn.STDEV.S(G$32:G$61) -> 4.0029972 | AF34: =H34*Sheet2!G$16/_xlfn.STDEV.S(H$32:H$61) -> 9.9379105 | AG34: =I34*Sheet2!H$16/_xlfn.STDEV.S(I$32:I$61) -> 4.7823718 | AH34: =J34*Sheet2!I$16/_xlfn.STDEV.S(J$32:J$61) -> 0.038151293 | AI34: =K34*Sheet2!J$16/_xlfn.STDEV.S(K$32:K$61) -> 0.43834165 | ... AY34: =AA34*Sheet2!Z$16/_xlfn.STDEV.S(AA$32:AA$61) -> 0.54824619 | AZ34: =AB34-AVERAGE(AB$32:AB$61)+Sheet2!C$15 -> 3.7961045 | BA34: =AC34-AVERAGE(AC$32:AC$61)+Sheet2!D$15 -> 10.236249 | BB34: =AD34-AVERAGE(AD$32:AD$61)+Sheet2!E$15 -> 15.742225 | BC34: =AE34-AVERAGE(AE$32:AE$61)+Sheet2!F$15 -> 16.755756 | BD34: =AF34-AVERAGE(AF$32:AF$61)+Sheet2!G$15 -> 24.484859 | BE34: =AG34-AVERAGE(AG$32:AG$61)+Sheet2!H$15 -> 30.179247 | BF34: =AH34-AVERAGE(AH$32:AH$61)+Sheet2!I$15 -> 11.370398 | BG34: =AI34-AVERAGE(AI$32:AI$61)+Sheet2!J$15 -> 21.076655 | ... BW34: =AY34-AVERAGE(AY$32:AY$61)+Sheet2!Z$15 -> 7.5923807 | BZ34: =BA34-AVERAGE(AH$32:AH$61)+Sheet2!AB$15 -> 8.9197016 | CA34: =BB34-AVERAGE(AI$32:AI$61)+Sheet2!AC$15 -> 14.281836 | CB34: =BC34-AVERAGE(AJ$32:AJ$61)+Sheet2!AD$15 -> 13.727909 | CC34: =BD34-AVERAGE(AK$32:AK$61)+Sheet2!AE$15 -> 21.822903
B35: 34 | C35: 2 | D35: =RAND() -> 0.28628894 | E35: =RAND() -> 0.91070927 | F35: =RAND() -> 0.0646576 | G35: =RAND() -> 0.75294989 | H35: =RAND() -> 0.51722253 | I35: =RAND() -> 0.7986075 | J35: =RAND() -> 0.88546907 | K35: =RAND() -> 0.41906254 | ... AA35: =RAND() -> 0.5649572 | AB35: =D35*Sheet2!C$16/_xlfn.STDEV.S(D$32:D$61) -> 1.3797024 | AC35: =E35*Sheet2!D$16/_xlfn.STDEV.S(E$32:E$61) -> 6.4891244 | AD35: =F35*Sheet2!E$16/_xlfn.STDEV.S(F$32:F$61) -> 0.36893035 | AE35: =G35*Sheet2!F$16/_xlfn.STDEV.S(G$32:G$61) -> 6.1699729 | AF35: =H35*Sheet2!G$16/_xlfn.STDEV.S(H$32:H$61) -> 7.9299774 | AG35: =I35*Sheet2!H$16/_xlfn.STDEV.S(I$32:I$61) -> 8.5553983 | AH35: =J35*Sheet2!I$16/_xlfn.STDEV.S(J$32:J$61) -> 2.148792 | AI35: =K35*Sheet2!J$16/_xlfn.STDEV.S(K$32:K$61) -> 1.397362 | ... AY35: =AA35*Sheet2!Z$16/_xlfn.STDEV.S(AA$32:AA$61) -> 1.0407491 | AZ35: =AB35-AVERAGE(AB$32:AB$61)+Sheet2!C$15 -> 3.3863102 | BA35: =AC35-AVERAGE(AC$32:AC$61)+Sheet2!D$15 -> 11.84944 | BB35: =AD35-AVERAGE(AD$32:AD$61)+Sheet2!E$15 -> 15.148277 | BC35: =AE35-AVERAGE(AE$32:AE$61)+Sheet2!F$15 -> 18.922731 | BD35: =AF35-AVERAGE(AF$32:AF$61)+Sheet2!G$15 -> 22.476925 | BE35: =AG35-AVERAGE(AG$32:AG$61)+Sheet2!H$15 -> 33.952273 | BF35: =AH35-AVERAGE(AH$32:AH$61)+Sheet2!I$15 -> 13.481039 | BG35: =AI35-AVERAGE(AI$32:AI$61)+Sheet2!J$15 -> 22.035675 | ... BW35: =AY35-AVERAGE(AY$32:AY$61)+Sheet2!Z$15 -> 8.0848835 | BZ35: =BA35-AVERAGE(AH$32:AH$61)+Sheet2!AB$15 -> 10.532892 | CA35: =BB35-AVERAGE(AI$32:AI$61)+Sheet2!AC$15 -> 13.687888 | CB35: =BC35-AVERAGE(AJ$32:AJ$61)+Sheet2!AD$15 -> 15.894884 | CC35: =BD35-AVERAGE(AK$32:AK$61)+Sheet2!AE$15 -> 19.81497
B36: 35 | C36: 2 | D36: =RAND() -> 0.58919617 | E36: =RAND() -> 0.70371008 | F36: =RAND() -> 0.56732755 | G36: =RAND() -> 0.48824121 | H36: =RAND() -> 0.17044273 | I36: =RAND() -> 0.14372716 | J36: =RAND() -> 0.76551251 | K36: =RAND() -> 0.17241372 | ... AA36: =RAND() -> 0.025614914 | AB36: =D36*Sheet2!C$16/_xlfn.STDEV.S(D$32:D$61) -> 2.8394926 | AC36: =E36*Sheet2!D$16/_xlfn.STDEV.S(E$32:E$61) -> 5.0141822 | AD36: =F36*Sheet2!E$16/_xlfn.STDEV.S(F$32:F$61) -> 3.2371191 | AE36: =G36*Sheet2!F$16/_xlfn.STDEV.S(G$32:G$61) -> 4.000844 | AF36: =H36*Sheet2!G$16/_xlfn.STDEV.S(H$32:H$61) -> 2.613202 | AG36: =I36*Sheet2!H$16/_xlfn.STDEV.S(I$32:I$61) -> 1.5397339 | AH36: =J36*Sheet2!I$16/_xlfn.STDEV.S(J$32:J$61) -> 1.8576902 | AI36: =K36*Sheet2!J$16/_xlfn.STDEV.S(K$32:K$61) -> 0.57491269 | ... AY36: =AA36*Sheet2!Z$16/_xlfn.STDEV.S(AA$32:AA$61) -> 0.04718711 | AZ36: =AB36-AVERAGE(AB$32:AB$61)+Sheet2!C$15 -> 4.8461005 | BA36: =AC36-AVERAGE(AC$32:AC$61)+Sheet2!D$15 -> 10.374497 | BB36: =AD36-AVERAGE(AD$32:AD$61)+Sheet2!E$15 -> 18.016466 | BC36: =AE36-AVERAGE(AE$32:AE$61)+Sheet2!F$15 -> 16.753603 | BD36: =AF36-AVERAGE(AF$32:AF$61)+Sheet2!G$15 -> 17.16015 | BE36: =AG36-AVERAGE(AG$32:AG$61)+Sheet2!H$15 -> 26.936609 | BF36: =AH36-AVERAGE(AH$32:AH$61)+Sheet2!I$15 -> 13.189937 | BG36: =AI36-AVERAGE(AI$32:AI$61)+Sheet2!J$15 -> 21.213226 | ... BW36: =AY36-AVERAGE(AY$32:AY$61)+Sheet2!Z$15 -> 7.0913216 | BZ36: =BA36-AVERAGE(AH$32:AH$61)+Sheet2!AB$15 -> 9.0579497 | CA36: =BB36-AVERAGE(AI$32:AI$61)+Sheet2!AC$15 -> 16.556077 | CB36: =BC36-AVERAGE(AJ$32:AJ$61)+Sheet2!AD$15 -> 13.725755 | CC36: =BD36-AVERAGE(AK$32:AK$61)+Sheet2!AE$15 -> 14.498194
B37: 36 | C37: 2 | D37: =RAND() -> 0.67174398 | E37: =RAND() -> 0.40702872 | F37: =RAND() -> 0.39428849 | G37: =RAND() -> 0.20479352 | H37: =RAND() -> 0.12382422 | I37: =RAND() -> 0.35771466 | J37: =RAND() -> 0.48208409 | K37: =RAND() -> 0.22855008 | ... AA37: =RAND() -> 0.95394171 | AB37: =D37*Sheet2!C$16/_xlfn.STDEV.S(D$32:D$61) -> 3.2373125 | AC37: =E37*Sheet2!D$16/_xlfn.STDEV.S(E$32:E$61) -> 2.900223 | AD37: =F37*Sheet2!E$16/_xlfn.STDEV.S(F$32:F$61) -> 2.2497741 | AE37: =G37*Sheet2!F$16/_xlfn.STDEV.S(G$32:G$61) -> 1.6781601 | AF37: =H37*Sheet2!G$16/_xlfn.STDEV.S(H$32:H$61) -> 1.8984541 | AG37: =I37*Sheet2!H$16/_xlfn.STDEV.S(I$32:I$61) -> 3.8321597 | AH37: =J37*Sheet2!I$16/_xlfn.STDEV.S(J$32:J$61) -> 1.1698867 | AI37: =K37*Sheet2!J$16/_xlfn.STDEV.S(K$32:K$61) -> 0.76209912 | ... AY37: =AA37*Sheet2!Z$16/_xlfn.STDEV.S(AA$32:AA$61) -> 1.7573259 | AZ37: =AB37-AVERAGE(AB$32:AB$61)+Sheet2!C$15 -> 5.2439203 | BA37: =AC37-AVERAGE(AC$32:AC$61)+Sheet2!D$15 -> 8.2605381 | BB37: =AD37-AVERAGE(AD$32:AD$61)+Sheet2!E$15 -> 17.029121 | BC37: =AE37-AVERAGE(AE$32:AE$61)+Sheet2!F$15 -> 14.430919 | BD37: =AF37-AVERAGE(AF$32:AF$61)+Sheet2!G$15 -> 16.445402 | BE37: =AG37-AVERAGE(AG$32:AG$61)+Sheet2!H$15 -> 29.229034 | BF37: =AH37-AVERAGE(AH$32:AH$61)+Sheet2!I$15 -> 12.502134 | BG37: =AI37-AVERAGE(AI$32:AI$61)+Sheet2!J$15 -> 21.400413 | ... BW37: =AY37-AVERAGE(AY$32:AY$61)+Sheet2!Z$15 -> 8.8014604 | BZ37: =BA37-AVERAGE(AH$32:AH$61)+Sheet2!AB$15 -> 6.9439905 | CA37: =BB37-AVERAGE(AI$32:AI$61)+Sheet2!AC$15 -> 15.568732 | CB37: =BC37-AVERAGE(AJ$32:AJ$61)+Sheet2!AD$15 -> 11.403071 | CC37: =BD37-AVERAGE(AK$32:AK$61)+Sheet2!AE$15 -> 13.783446
B38: 37 | C38: 2 | D38: =RAND() -> 0.95995084 | E38: =RAND() -> 0.74972197 | F38: =RAND() -> 0.74824523 | G38: =RAND() -> 0.3963808 | H38: =RAND() -> 0.31735137 | I38: =RAND() -> 0.45650429 | J38: =RAND() -> 0.85416777 | K38: =RAND() -> 0.22273922 | ... AA38: =RAND() -> 0.46238712 | AB38: =D38*Sheet2!C$16/_xlfn.STDEV.S(D$32:D$61) -> 4.6262578 | AC38: =E38*Sheet2!D$16/_xlfn.STDEV.S(E$32:E$61) -> 5.3420332 | AD38: =F38*Sheet2!E$16/_xlfn.STDEV.S(F$32:F$61) -> 4.2694189 | AE38: =G38*Sheet2!F$16/_xlfn.STDEV.S(G$32:G$61) -> 3.248103 | AF38: =H38*Sheet2!G$16/_xlfn.STDEV.S(H$32:H$61) -> 4.8655831 | AG38: =I38*Sheet2!H$16/_xlfn.STDEV.S(I$32:I$61) -> 4.8904825 | AH38: =J38*Sheet2!I$16/_xlfn.STDEV.S(J$32:J$61) -> 2.0728323 | AI38: =K38*Sheet2!J$16/_xlfn.STDEV.S(K$32:K$61) -> 0.74272284 | ... AY38: =AA38*Sheet2!Z$16/_xlfn.STDEV.S(AA$32:AA$61) -> 0.85179721 | AZ38: =AB38-AVERAGE(AB$32:AB$61)+Sheet2!C$15 -> 6.6328656 | BA38: =AC38-AVERAGE(AC$32:AC$61)+Sheet2!D$15 -> 10.702348 | BB38: =AD38-AVERAGE(AD$32:AD$61)+Sheet2!E$15 -> 19.048766 | BC38: =AE38-AVERAGE(AE$32:AE$61)+Sheet2!F$15 -> 16.000862 | BD38: =AF38-AVERAGE(AF$32:AF$61)+Sheet2!G$15 -> 19.412531 | BE38: =AG38-AVERAGE(AG$32:AG$61)+Sheet2!H$15 -> 30.287357 | BF38: =AH38-AVERAGE(AH$32:AH$61)+Sheet2!I$15 -> 13.405079 | BG38: =AI38-AVERAGE(AI$32:AI$61)+Sheet2!J$15 -> 21.381036 | ... BW38: =AY38-AVERAGE(AY$32:AY$61)+Sheet2!Z$15 -> 7.8959317 | BZ38: =BA38-AVERAGE(AH$32:AH$61)+Sheet2!AB$15 -> 9.3858006 | CA38: =BB38-AVERAGE(AI$32:AI$61)+Sheet2!AC$15 -> 17.588376 | CB38: =BC38-AVERAGE(AJ$32:AJ$61)+Sheet2!AD$15 -> 12.973014 | CC38: =BD38-AVERAGE(AK$32:AK$61)+Sheet2!AE$15 -> 16.750575
B39: 38 | C39: 2 | D39: =RAND() -> 0.75575088 | E39: =RAND() -> 0.72303572 | F39: =RAND() -> 0.14378145 | G39: =RAND() -> 0.75199496 | H39: =RAND() -> 0.68852805 | I39: =RAND() -> 0.70637007 | J39: =RAND() -> 0.36044384 | K39: =RAND() -> 0.45444037 | ... AA39: =RAND() -> 0.89972436 | AB39: =D39*Sheet2!C$16/_xlfn.STDEV.S(D$32:D$61) -> 3.642164 | AC39: =E39*Sheet2!D$16/_xlfn.STDEV.S(E$32:E$61) -> 5.1518842 | AD39: =F39*Sheet2!E$16/_xlfn.STDEV.S(F$32:F$61) -> 0.82040381 | AE39: =G39*Sheet2!F$16/_xlfn.STDEV.S(G$32:G$61) -> 6.1621478 | AF39: =H39*Sheet2!G$16/_xlfn.STDEV.S(H$32:H$61) -> 10.556408 | AG39: =I39*Sheet2!H$16/_xlfn.STDEV.S(I$32:I$61) -> 7.5672684 | AH39: =J39*Sheet2!I$16/_xlfn.STDEV.S(J$32:J$61) -> 0.87469894 | AI39: =K39*Sheet2!J$16/_xlfn.STDEV.S(K$32:K$61) -> 1.5153292 | ... AY39: =AA39*Sheet2!Z$16/_xlfn.STDEV.S(AA$32:AA$61) -> 1.6574482 | AZ39: =AB39-AVERAGE(AB$32:AB$61)+Sheet2!C$15 -> 5.6487719 | BA39: =AC39-AVERAGE(AC$32:AC$61)+Sheet2!D$15 -> 10.512199 | BB39: =AD39-AVERAGE(AD$32:AD$61)+Sheet2!E$15 -> 15.599751 | BC39: =AE39-AVERAGE(AE$32:AE$61)+Sheet2!F$15 -> 18.914906 | BD39: =AF39-AVERAGE(AF$32:AF$61)+Sheet2!G$15 -> 25.103356 | BE39: =AG39-AVERAGE(AG$32:AG$61)+Sheet2!H$15 -> 32.964143 | BF39: =AH39-AVERAGE(AH$32:AH$61)+Sheet2!I$15 -> 12.206946 | BG39: =AI39-AVERAGE(AI$32:AI$61)+Sheet2!J$15 -> 22.153643 | ... BW39: =AY39-AVERAGE(AY$32:AY$61)+Sheet2!Z$15 -> 8.7015827 | BZ39: =BA39-AVERAGE(AH$32:AH$61)+Sheet2!AB$15 -> 9.1956517 | CA39: =BB39-AVERAGE(AI$32:AI$61)+Sheet2!AC$15 -> 14.139361 | CB39: =BC39-AVERAGE(AJ$32:AJ$61)+Sheet2!AD$15 -> 15.887059 | CC39: =BD39-AVERAGE(AK$32:AK$61)+Sheet2!AE$15 -> 22.4414
B40: 39 | C40: 2 | D40: =RAND() -> 0.53067768 | E40: =RAND() -> 0.49451341 | F40: =RAND() -> 0.69096219 | G40: =RAND() -> 0.81978792 | H40: =RAND() -> 0.77298393 | I40: =RAND() -> 0.019748704 | J40: =RAND() -> 0.89487328 | K40: =RAND() -> 0.16756757 | ... AA40: =RAND() -> 0.58144476 | AB40: =D40*Sheet2!C$16/_xlfn.STDEV.S(D$32:D$61) -> 2.5574765 | AC40: =E40*Sheet2!D$16/_xlfn.STDEV.S(E$32:E$61) -> 3.5235823 | AD40: =F40*Sheet2!E$16/_xlfn.STDEV.S(F$32:F$61) -> 3.9425671 | AE40: =G40*Sheet2!F$16/_xlfn.STDEV.S(G$32:G$61) -> 6.7176705 | AF40: =H40*Sheet2!G$16/_xlfn.STDEV.S(H$32:H$61) -> 11.851273 | AG40: =I40*Sheet2!H$16/_xlfn.STDEV.S(I$32:I$61) -> 0.2115658 | AH40: =J40*Sheet2!I$16/_xlfn.STDEV.S(J$32:J$61) -> 2.1716135 | AI40: =K40*Sheet2!J$16/_xlfn.STDEV.S(K$32:K$61) -> 0.55875322 | ... AY40: =AA40*Sheet2!Z$16/_xlfn.STDEV.S(AA$32:AA$61) -> 1.071122 | AZ40: =AB40-AVERAGE(AB$32:AB$61)+Sheet2!C$15 -> 4.5640843 | BA40: =AC40-AVERAGE(AC$32:AC$61)+Sheet2!D$15 -> 8.8838974 | BB40: =AD40-AVERAGE(AD$32:AD$61)+Sheet2!E$15 -> 18.721914 | BC40: =AE40-AVERAGE(AE$32:AE$61)+Sheet2!F$15 -> 19.470429 | BD40: =AF40-AVERAGE(AF$32:AF$61)+Sheet2!G$15 -> 26.398221 | BE40: =AG40-AVERAGE(AG$32:AG$61)+Sheet2!H$15 -> 25.608441 | BF40: =AH40-AVERAGE(AH$32:AH$61)+Sheet2!I$15 -> 13.503861 | BG40: =AI40-AVERAGE(AI$32:AI$61)+Sheet2!J$15 -> 21.197067 | ... BW40: =AY40-AVERAGE(AY$32:AY$61)+Sheet2!Z$15 -> 8.1152565 | BZ40: =BA40-AVERAGE(AH$32:AH$61)+Sheet2!AB$15 -> 7.5673498 | CA40: =BB40-AVERAGE(AI$32:AI$61)+Sheet2!AC$15 -> 17.261525 | CB40: =BC40-AVERAGE(AJ$32:AJ$61)+Sheet2!AD$15 -> 16.442582 | CC40: =BD40-AVERAGE(AK$32:AK$61)+Sheet2!AE$15 -> 23.736265
B41: 40 | C41: 2 | D41: =RAND() -> 0.39340502 | E41: =RAND() -> 0.55708185 | F41: =RAND() -> 0.53390768 | G41: =RAND() -> 0.16543477 | H41: =RAND() -> 0.33345309 | I41: =RAND() -> 0.0039140955 | J41: =RAND() -> 0.54573341 | K41: =RAND() -> 0.30630547 | ... AA41: =RAND() -> 0.99226581 | AB41: =D41*Sheet2!C$16/_xlfn.STDEV.S(D$32:D$61) -> 1.8959232 | AC41: =E41*Sheet2!D$16/_xlfn.STDEV.S(E$32:E$61) -> 3.9694045 | AD41: =F41*Sheet2!E$16/_xlfn.STDEV.S(F$32:F$61) -> 3.0464284 | AE41: =G41*Sheet2!F$16/_xlfn.STDEV.S(G$32:G$61) -> 1.3556388 | AF41: =H41*Sheet2!G$16/_xlfn.STDEV.S(H$32:H$61) -> 5.1124522 | AG41: =I41*Sheet2!H$16/_xlfn.STDEV.S(I$32:I$61) -> 0.041931295 | AH41: =J41*Sheet2!I$16/_xlfn.STDEV.S(J$32:J$61) -> 1.3243462 | AI41: =K41*Sheet2!J$16/_xlfn.STDEV.S(K$32:K$61) -> 1.0213741 | ... AY41: =AA41*Sheet2!Z$16/_xlfn.STDEV.S(AA$32:AA$61) -> 1.8279256 | AZ41: =AB41-AVERAGE(AB$32:AB$61)+Sheet2!C$15 -> 3.902531 | BA41: =AC41-AVERAGE(AC$32:AC$61)+Sheet2!D$15 -> 9.3297195 | BB41: =AD41-AVERAGE(AD$32:AD$61)+Sheet2!E$15 -> 17.825775 | BC41: =AE41-AVERAGE(AE$32:AE$61)+Sheet2!F$15 -> 14.108397 | BD41: =AF41-AVERAGE(AF$32:AF$61)+Sheet2!G$15 -> 19.6594 | BE41: =AG41-AVERAGE(AG$32:AG$61)+Sheet2!H$15 -> 25.438806 | BF41: =AH41-AVERAGE(AH$32:AH$61)+Sheet2!I$15 -> 12.656593 | BG41: =AI41-AVERAGE(AI$32:AI$61)+Sheet2!J$15 -> 21.659688 | ... BW41: =AY41-AVERAGE(AY$32:AY$61)+Sheet2!Z$15 -> 8.87206 | BZ41: =BA41-AVERAGE(AH$32:AH$61)+Sheet2!AB$15 -> 8.0131719 | CA41: =BB41-AVERAGE(AI$32:AI$61)+Sheet2!AC$15 -> 16.365386 | CB41: =BC41-AVERAGE(AJ$32:AJ$61)+Sheet2!AD$15 -> 11.08055 | CC41: =BD41-AVERAGE(AK$32:AK$61)+Sheet2!AE$15 -> 16.997444
B42: 41 | C42: 2 | D42: =RAND() -> 0.80814186 | E42: =RAND() -> 0.28417183 | F42: =RAND() -> 0.95078409 | G42: =RAND() -> 0.40163412 | H42: =RAND() -> 0.95040661 | I42: =RAND() -> 0.8861112 | J42: =RAND() -> 0.23764208 | K42: =RAND() -> 0.26741129 | ... AA42: =RAND() -> 0.85933777 | AB42: =D42*Sheet2!C$16/_xlfn.STDEV.S(D$32:D$61) -> 3.89465 | AC42: =E42*Sheet2!D$16/_xlfn.STDEV.S(E$32:E$61) -> 2.0248244 | AD42: =F42*Sheet2!E$16/_xlfn.STDEV.S(F$32:F$61) -> 5.425087 | AE42: =G42*Sheet2!F$16/_xlfn.STDEV.S(G$32:G$61) -> 3.2911508 | AF42: =H42*Sheet2!G$16/_xlfn.STDEV.S(H$32:H$61) -> 14.57149 | AG42: =I42*Sheet2!H$16/_xlfn.STDEV.S(I$32:I$61) -> 9.4928163 | AH42: =J42*Sheet2!I$16/_xlfn.STDEV.S(J$32:J$61) -> 0.57669253 | AI42: =K42*Sheet2!J$16/_xlfn.STDEV.S(K$32:K$61) -> 0.89168164 | ... AY42: =AA42*Sheet2!Z$16/_xlfn.STDEV.S(AA$32:AA$61) -> 1.5830491 | AZ42: =AB42-AVERAGE(AB$32:AB$61)+Sheet2!C$15 -> 5.9012579 | BA42: =AC42-AVERAGE(AC$32:AC$61)+Sheet2!D$15 -> 7.3851395 | BB42: =AD42-AVERAGE(AD$32:AD$61)+Sheet2!E$15 -> 20.204434 | BC42: =AE42-AVERAGE(AE$32:AE$61)+Sheet2!F$15 -> 16.043909 | BD42: =AF42-AVERAGE(AF$32:AF$61)+Sheet2!G$15 -> 29.118438 | BE42: =AG42-AVERAGE(AG$32:AG$61)+Sheet2!H$15 -> 34.889691 | BF42: =AH42-AVERAGE(AH$32:AH$61)+Sheet2!I$15 -> 11.90894 | BG42: =AI42-AVERAGE(AI$32:AI$61)+Sheet2!J$15 -> 21.529995 | ... BW42: =AY42-AVERAGE(AY$32:AY$61)+Sheet2!Z$15 -> 8.6271835 | BZ42: =BA42-AVERAGE(AH$32:AH$61)+Sheet2!AB$15 -> 6.0685919 | CA42: =BB42-AVERAGE(AI$32:AI$61)+Sheet2!AC$15 -> 18.744045 | CB42: =BC42-AVERAGE(AJ$32:AJ$61)+Sheet2!AD$15 -> 13.016062 | CC42: =BD42-AVERAGE(AK$32:AK$61)+Sheet2!AE$15 -> 26.456482
B43: 42 | C43: 2 | D43: =RAND() -> 0.55467472 | E43: =RAND() -> 0.41631438 | F43: =RAND() -> 0.016940477 | G43: =RAND() -> 0.23103017 | H43: =RAND() -> 0.55391551 | I43: =RAND() -> 0.2707178 | J43: =RAND() -> 0.85336376 | K43: =RAND() -> 0.57058719 | ... AA43: =RAND() -> 0.57405991 | AB43: =D43*Sheet2!C$16/_xlfn.STDEV.S(D$32:D$61) -> 2.6731246 | AC43: =E43*Sheet2!D$16/_xlfn.STDEV.S(E$32:E$61) -> 2.9663866 | AD43: =F43*Sheet2!E$16/_xlfn.STDEV.S(F$32:F$61) -> 0.096660815 | AE43: =G43*Sheet2!F$16/_xlfn.STDEV.S(G$32:G$61) -> 1.8931537 | AF43: =H43*Sheet2!G$16/_xlfn.STDEV.S(H$32:H$61) -> 8.4925487 | AG43: =I43*Sheet2!H$16/_xlfn.STDEV.S(I$32:I$61) -> 2.9001714 | AH43: =J43*Sheet2!I$16/_xlfn.STDEV.S(J$32:J$61) -> 2.0708812 | AI43: =K43*Sheet2!J$16/_xlfn.STDEV.S(K$32:K$61) -> 1.9026202 | ... AY43: =AA43*Sheet2!Z$16/_xlfn.STDEV.S(AA$32:AA$61) -> 1.0575178 | AZ43: =AB43-AVERAGE(AB$32:AB$61)+Sheet2!C$15 -> 4.6797325 | BA43: =AC43-AVERAGE(AC$32:AC$61)+Sheet2!D$15 -> 8.3267017 | BB43: =AD43-AVERAGE(AD$32:AD$61)+Sheet2!E$15 -> 14.876008 | BC43: =AE43-AVERAGE(AE$32:AE$61)+Sheet2!F$15 -> 14.645912 | BD43: =AF43-AVERAGE(AF$32:AF$61)+Sheet2!G$15 -> 23.039497 | BE43: =AG43-AVERAGE(AG$32:AG$61)+Sheet2!H$15 -> 28.297046 | BF43: =AH43-AVERAGE(AH$32:AH$61)+Sheet2!I$15 -> 13.403128 | BG43: =AI43-AVERAGE(AI$32:AI$61)+Sheet2!J$15 -> 22.540934 | ... BW43: =AY43-AVERAGE(AY$32:AY$61)+Sheet2!Z$15 -> 8.1016523 | BZ43: =BA43-AVERAGE(AH$32:AH$61)+Sheet2!AB$15 -> 7.0101541 | CA43: =BB43-AVERAGE(AI$32:AI$61)+Sheet2!AC$15 -> 13.415618 | CB43: =BC43-AVERAGE(AJ$32:AJ$61)+Sheet2!AD$15 -> 11.618065 | CC43: =BD43-AVERAGE(AK$32:AK$61)+Sheet2!AE$15 -> 20.377541
... B61: 60 | C61: 2 | D61: =RAND() -> 0.36322389 | E61: =RAND() -> 0.24311253 | F61: =RAND() -> 0.66808611 | G61: =RAND() -> 0.77831772 | H61: =RAND() -> 0.51498503 | I61: =RAND() -> 0.46672643 | J61: =RAND() -> 0.82213758 | K61: =RAND() -> 0.22633752 | ... AA61: =RAND() -> 0.90964548 | AB61: =D61*Sheet2!C$16/_xlfn.STDEV.S(D$32:D$61) -> 1.7504723 | AC61: =E61*Sheet2!D$16/_xlfn.STDEV.S(E$32:E$61) -> 1.7322624 | AD61: =F61*Sheet2!E$16/_xlfn.STDEV.S(F$32:F$61) -> 3.8120382 | AE61: =G61*Sheet2!F$16/_xlfn.STDEV.S(G$32:G$61) -> 6.3778471 | AF61: =H61*Sheet2!G$16/_xlfn.STDEV.S(H$32:H$61) -> 7.8956724 | AG61: =I61*Sheet2!H$16/_xlfn.STDEV.S(I$32:I$61) -> 4.9999913 | AH61: =J61*Sheet2!I$16/_xlfn.STDEV.S(J$32:J$61) -> 1.9951038 | AI61: =K61*Sheet2!J$16/_xlfn.STDEV.S(K$32:K$61) -> 0.75472133 | ... AY61: =AA61*Sheet2!Z$16/_xlfn.STDEV.S(AA$32:AA$61) -> 1.6757246 | AZ61: =AB61-AVERAGE(AB$32:AB$61)+Sheet2!C$15 -> 3.7570801 | BA61: =AC61-AVERAGE(AC$32:AC$61)+Sheet2!D$15 -> 7.0925775 | BB61: =AD61-AVERAGE(AD$32:AD$61)+Sheet2!E$15 -> 18.591385 | BC61: =AE61-AVERAGE(AE$32:AE$61)+Sheet2!F$15 -> 19.130606 | BD61: =AF61-AVERAGE(AF$32:AF$61)+Sheet2!G$15 -> 22.44262 | BE61: =AG61-AVERAGE(AG$32:AG$61)+Sheet2!H$15 -> 30.396866 | BF61: =AH61-AVERAGE(AH$32:AH$61)+Sheet2!I$15 -> 13.327351 | BG61: =AI61-AVERAGE(AI$32:AI$61)+Sheet2!J$15 -> 21.393035 | ... BW61: =AY61-AVERAGE(AY$32:AY$61)+Sheet2!Z$15 -> 8.7198591 | BZ61: =BA61-AVERAGE(AH$32:AH$61)+Sheet2!AB$15 -> 5.7760299 | CA61: =BB61-AVERAGE(AI$32:AI$61)+Sheet2!AC$15 -> 17.130996 | CB61: =BC61-AVERAGE(AJ$32:AJ$61)+Sheet2!AD$15 -> 16.102758 | CC61: =BD61-AVERAGE(AK$32:AK$61)+Sheet2!AE$15 -> 19.780665
B62: 61 | C62: 3 | D62: =RAND() -> 0.54832613 | E62: =RAND() -> 0.5532004 | F62: =RAND() -> 0.29086452 | G62: =RAND() -> 0.13105258 | H62: =RAND() -> 0.52769084 | I62: =RAND() -> 0.73118056 | J62: =RAND() -> 0.30340996 | K62: =RAND() -> 0.21780192 | ... AA62: =RAND() -> 0.35133964 | AB62: =D62*Sheet2!C$18/_xlfn.STDEV.S(D$62:D$91) -> 1.7224578 | AC62: =E62*Sheet2!D$18/_xlfn.STDEV.S(E$62:E$91) -> 1.4960389 | AD62: =F62*Sheet2!E$18/_xlfn.STDEV.S(F$62:F$91) -> 1.189974 | AE62: =G62*Sheet2!F$18/_xlfn.STDEV.S(G$62:G$91) -> 1.6063022 | AF62: =H62*Sheet2!G$18/_xlfn.STDEV.S(H$62:H$91) -> 11.005264 | AG62: =I62*Sheet2!H$18/_xlfn.STDEV.S(I$62:I$91) -> 12.040964 | AH62: =J62*Sheet2!I$18/_xlfn.STDEV.S(J$62:J$91) -> 0.95508115 | AI62: =K62*Sheet2!J$18/_xlfn.STDEV.S(K$62:K$91) -> 1.349362 | ... AY62: =AA62*Sheet2!Z$18/_xlfn.STDEV.S(AA$62:AA$91) -> 1.3054875 | AZ62: =AB62-AVERAGE(AB$62:AB$91)+Sheet2!C$17 -> 5.7694553 | BA62: =AC62-AVERAGE(AC$62:AC$91)+Sheet2!D$17 -> 5.344518 | BB62: =AD62-AVERAGE(AD$62:AD$91)+Sheet2!E$17 -> 26.411621 | BC62: =AE62-AVERAGE(AE$62:AE$91)+Sheet2!F$17 -> -1.0344129 | BD62: =AF62-AVERAGE(AF$62:AF$91)+Sheet2!G$17 -> 33.809826 | BE62: =AG62-AVERAGE(AG$62:AG$91)+Sheet2!H$17 -> 25.257055 | BF62: =AH62-AVERAGE(AH$62:AH$91)+Sheet2!I$17 -> 9.510167 | BG62: =AI62-AVERAGE(AI$62:AI$91)+Sheet2!J$17 -> 23.99145 | ... BW62: =AY62-AVERAGE(AY$62:AY$91)+Sheet2!Z$17 -> 9.0847048 | BZ62: =BA62-AVERAGE(AH$62:AH$91)+Sheet2!AB$17 -> 3.7621603 | CA62: =BB62-AVERAGE(AI$62:AI$91)+Sheet2!AC$17 -> 23.80968 | CB62: =BC62-AVERAGE(AJ$62:AJ$91)+Sheet2!AD$17 -> -4.6635357 | CC62: =BD62-AVERAGE(AK$62:AK$91)+Sheet2!AE$17 -> 29.031566
B63: 62 | C63: 3 | D63: =RAND() -> 0.52465939 | E63: =RAND() -> 0.87478946 | F63: =RAND() -> 0.1086232 | G63: =RAND() -> 0.57692264 | H63: =RAND() -> 0.17663728 | I63: =RAND() -> 0.67080776 | J63: =RAND() -> 0.82323793 | K63: =RAND() -> 0.24837475 | ... AA63: =RAND() -> 0.42302407 | AB63: =D63*Sheet2!C$18/_xlfn.STDEV.S(D$62:D$91) -> 1.6481134 | AC63: =E63*Sheet2!D$18/_xlfn.STDEV.S(E$62:E$91) -> 2.3657232 | AD63: =F63*Sheet2!E$18/_xlfn.STDEV.S(F$62:F$91) -> 0.44439518 | AE63: =G63*Sheet2!F$18/_xlfn.STDEV.S(G$62:G$91) -> 7.0713001 | AF63: =H63*Sheet2!G$18/_xlfn.STDEV.S(H$62:H$91) -> 3.6838615 | AG63: =I63*Sheet2!H$18/_xlfn.STDEV.S(I$62:I$91) -> 11.046755 | AH63: =J63*Sheet2!I$18/_xlfn.STDEV.S(J$62:J$91) -> 2.5914081 | AI63: =K63*Sheet2!J$18/_xlfn.STDEV.S(K$62:K$91) -> 1.5387718 | ... AY63: =AA63*Sheet2!Z$18/_xlfn.STDEV.S(AA$62:AA$91) -> 1.5718484 | AZ63: =AB63-AVERAGE(AB$62:AB$91)+Sheet2!C$17 -> 5.6951109 | BA63: =AC63-AVERAGE(AC$62:AC$91)+Sheet2!D$17 -> 6.2142023 | BB63: =AD63-AVERAGE(AD$62:AD$91)+Sheet2!E$17 -> 25.666042 | BC63: =AE63-AVERAGE(AE$62:AE$91)+Sheet2!F$17 -> 4.4305849 | BD63: =AF63-AVERAGE(AF$62:AF$91)+Sheet2!G$17 -> 26.488423 | BE63: =AG63-AVERAGE(AG$62:AG$91)+Sheet2!H$17 -> 24.262845 | BF63: =AH63-AVERAGE(AH$62:AH$91)+Sheet2!I$17 -> 11.146494 | BG63: =AI63-AVERAGE(AI$62:AI$91)+Sheet2!J$17 -> 24.180859 | ... BW63: =AY63-AVERAGE(AY$62:AY$91)+Sheet2!Z$17 -> 9.3510657 | BZ63: =BA63-AVERAGE(AH$62:AH$91)+Sheet2!AB$17 -> 4.6318446 | CA63: =BB63-AVERAGE(AI$62:AI$91)+Sheet2!AC$17 -> 23.064101 | CB63: =BC63-AVERAGE(AJ$62:AJ$91)+Sheet2!AD$17 -> 0.80146213 | CC63: =BD63-AVERAGE(AK$62:AK$91)+Sheet2!AE$17 -> 21.710163
B64: 63 | C64: 3 | D64: =RAND() -> 0.32561191 | E64: =RAND() -> 0.70002006 | F64: =RAND() -> 0.6840014 | G64: =RAND() -> 0.52356167 | H64: =RAND() -> 0.85612251 | I64: =RAND() -> 0.41032942 | J64: =RAND() -> 0.17777246 | K64: =RAND() -> 0.070542122 | ... AA64: =RAND() -> 0.36303611 | AB64: =D64*Sheet2!C$18/_xlfn.STDEV.S(D$62:D$91) -> 1.0228452 | AC64: =E64*Sheet2!D$18/_xlfn.STDEV.S(E$62:E$91) -> 1.8930883 | AD64: =F64*Sheet2!E$18/_xlfn.STDEV.S(F$62:F$91) -> 2.7983609 | AE64: =G64*Sheet2!F$18/_xlfn.STDEV.S(G$62:G$91) -> 6.4172585 | AF64: =H64*Sheet2!G$18/_xlfn.STDEV.S(H$62:H$91) -> 17.854876 | AG64: =I64*Sheet2!H$18/_xlfn.STDEV.S(I$62:I$91) -> 6.7572391 | AH64: =J64*Sheet2!I$18/_xlfn.STDEV.S(J$62:J$91) -> 0.55959642 | AI64: =K64*Sheet2!J$18/_xlfn.STDEV.S(K$62:K$91) -> 0.43703407 | ... AY64: =AA64*Sheet2!Z$18/_xlfn.STDEV.S(AA$62:AA$91) -> 1.3489486 | AZ64: =AB64-AVERAGE(AB$62:AB$91)+Sheet2!C$17 -> 5.0698427 | BA64: =AC64-AVERAGE(AC$62:AC$91)+Sheet2!D$17 -> 5.7415674 | BB64: =AD64-AVERAGE(AD$62:AD$91)+Sheet2!E$17 -> 28.020008 | BC64: =AE64-AVERAGE(AE$62:AE$91)+Sheet2!F$17 -> 3.7765433 | BD64: =AF64-AVERAGE(AF$62:AF$91)+Sheet2!G$17 -> 40.659437 | BE64: =AG64-AVERAGE(AG$62:AG$91)+Sheet2!H$17 -> 19.973329 | BF64: =AH64-AVERAGE(AH$62:AH$91)+Sheet2!I$17 -> 9.1146823 | BG64: =AI64-AVERAGE(AI$62:AI$91)+Sheet2!J$17 -> 23.079122 | ... BW64: =AY64-AVERAGE(AY$62:AY$91)+Sheet2!Z$17 -> 9.1281659 | BZ64: =BA64-AVERAGE(AH$62:AH$91)+Sheet2!AB$17 -> 4.1592097 | CA64: =BB64-AVERAGE(AI$62:AI$91)+Sheet2!AC$17 -> 25.418067 | CB64: =BC64-AVERAGE(AJ$62:AJ$91)+Sheet2!AD$17 -> 0.14742053 | CC64: =BD64-AVERAGE(AK$62:AK$91)+Sheet2!AE$17 -> 35.881178
B65: 64 | C65: 3 | D65: =RAND() -> 0.96807803 | E65: =RAND() -> 0.54694858 | F65: =RAND() -> 0.99606139 | G65: =RAND() -> 0.90422065 | H65: =RAND() -> 0.73706473 | I65: =RAND() -> 0.55161129 | J65: =RAND() -> 0.93509082 | K65: =RAND() -> 0.63937478 | ... AA65: =RAND() -> 0.54975806 | AB65: =D65*Sheet2!C$18/_xlfn.STDEV.S(D$62:D$91) -> 3.041025 | AC65: =E65*Sheet2!D$18/_xlfn.STDEV.S(E$62:E$91) -> 1.4791318 | AD65: =F65*Sheet2!E$18/_xlfn.STDEV.S(F$62:F$91) -> 4.075049 | AE65: =G65*Sheet2!F$18/_xlfn.STDEV.S(G$62:G$91) -> 11.082969 | AF65: =H65*Sheet2!G$18/_xlfn.STDEV.S(H$62:H$91) -> 15.371864 | AG65: =I65*Sheet2!H$18/_xlfn.STDEV.S(I$62:I$91) -> 9.0838463 | AH65: =J65*Sheet2!I$18/_xlfn.STDEV.S(J$62:J$91) -> 2.9435013 | AI65: =K65*Sheet2!J$18/_xlfn.STDEV.S(K$62:K$91) -> 3.961159 | ... AY65: =AA65*Sheet2!Z$18/_xlfn.STDEV.S(AA$62:AA$91) -> 2.0427593 | AZ65: =AB65-AVERAGE(AB$62:AB$91)+Sheet2!C$17 -> 7.0880226 | BA65: =AC65-AVERAGE(AC$62:AC$91)+Sheet2!D$17 -> 5.3276109 | BB65: =AD65-AVERAGE(AD$62:AD$91)+Sheet2!E$17 -> 29.296696 | BC65: =AE65-AVERAGE(AE$62:AE$91)+Sheet2!F$17 -> 8.4422536 | BD65: =AF65-AVERAGE(AF$62:AF$91)+Sheet2!G$17 -> 38.176426 | BE65: =AG65-AVERAGE(AG$62:AG$91)+Sheet2!H$17 -> 22.299937 | BF65: =AH65-AVERAGE(AH$62:AH$91)+Sheet2!I$17 -> 11.498587 | BG65: =AI65-AVERAGE(AI$62:AI$91)+Sheet2!J$17 -> 26.603246 | ... BW65: =AY65-AVERAGE(AY$62:AY$91)+Sheet2!Z$17 -> 9.8219766 | BZ65: =BA65-AVERAGE(AH$62:AH$91)+Sheet2!AB$17 -> 3.7452533 | CA65: =BB65-AVERAGE(AI$62:AI$91)+Sheet2!AC$17 -> 26.694755 | CB65: =BC65-AVERAGE(AJ$62:AJ$91)+Sheet2!AD$17 -> 4.8131308 | CC65: =BD65-AVERAGE(AK$62:AK$91)+Sheet2!AE$17 -> 33.398166
B66: 65 | C66: 3 | D66: =RAND() -> 0.029999646 | E66: =RAND() -> 0.77266627 | F66: =RAND() -> 0.96301345 | G66: =RAND() -> 0.17840325 | H66: =RAND() -> 0.92130892 | I66: =RAND() -> 0.53039301 | J66: =RAND() -> 0.34603108 | K66: =RAND() -> 0.011735509 | ... AA66: =RAND() -> 0.82590643 | AB66: =D66*Sheet2!C$18/_xlfn.STDEV.S(D$62:D$91) -> 0.094237935 | AC66: =E66*Sheet2!D$18/_xlfn.STDEV.S(E$62:E$91) -> 2.0895479 | AD66: =F66*Sheet2!E$18/_xlfn.STDEV.S(F$62:F$91) -> 3.9398445 | AE66: =G66*Sheet2!F$18/_xlfn.STDEV.S(G$62:G$91) -> 2.186676 | AF66: =H66*Sheet2!G$18/_xlfn.STDEV.S(H$62:H$91) -> 19.214372 | AG66: =I66*Sheet2!H$18/_xlfn.STDEV.S(I$62:I$91) -> 8.7344272 | AH66: =J66*Sheet2!I$18/_xlfn.STDEV.S(J$62:J$91) -> 1.0892449 | AI66: =K66*Sheet2!J$18/_xlfn.STDEV.S(K$62:K$91) -> 0.072705741 | ... AY66: =AA66*Sheet2!Z$18/_xlfn.STDEV.S(AA$62:AA$91) -> 3.0688554 | AZ66: =AB66-AVERAGE(AB$62:AB$91)+Sheet2!C$17 -> 4.1412354 | BA66: =AC66-AVERAGE(AC$62:AC$91)+Sheet2!D$17 -> 5.9380271 | BB66: =AD66-AVERAGE(AD$62:AD$91)+Sheet2!E$17 -> 29.161492 | BC66: =AE66-AVERAGE(AE$62:AE$91)+Sheet2!F$17 -> -0.4540391 | BD66: =AF66-AVERAGE(AF$62:AF$91)+Sheet2!G$17 -> 42.018933 | BE66: =AG66-AVERAGE(AG$62:AG$91)+Sheet2!H$17 -> 21.950517 | BF66: =AH66-AVERAGE(AH$62:AH$91)+Sheet2!I$17 -> 9.6443308 | BG66: =AI66-AVERAGE(AI$62:AI$91)+Sheet2!J$17 -> 22.714793 | ... BW66: =AY66-AVERAGE(AY$62:AY$91)+Sheet2!Z$17 -> 10.848073 | BZ66: =BA66-AVERAGE(AH$62:AH$91)+Sheet2!AB$17 -> 4.3556694 | CA66: =BB66-AVERAGE(AI$62:AI$91)+Sheet2!AC$17 -> 26.559551 | CB66: =BC66-AVERAGE(AJ$62:AJ$91)+Sheet2!AD$17 -> -4.0831619 | CC66: =BD66-AVERAGE(AK$62:AK$91)+Sheet2!AE$17 -> 37.240674
B67: 66 | C67: 3 | D67: =RAND() -> 0.6406812 | E67: =RAND() -> 0.39456386 | F67: =RAND() -> 0.26516905 | G67: =RAND() -> 0.72945432 | H67: =RAND() -> 0.95325871 | I67: =RAND() -> 0.3330743 | J67: =RAND() -> 0.6093542 | K67: =RAND() -> 0.33655884 | ... AA67: =RAND() -> 0.31186169 | AB67: =D67*Sheet2!C$18/_xlfn.STDEV.S(D$62:D$91) -> 2.0125729 | AC67: =E67*Sheet2!D$18/_xlfn.STDEV.S(E$62:E$91) -> 1.0670326 | AD67: =F67*Sheet2!E$18/_xlfn.STDEV.S(F$62:F$91) -> 1.0848497 | AE67: =G67*Sheet2!F$18/_xlfn.STDEV.S(G$62:G$91) -> 8.9408702 | AF67: =H67*Sheet2!G$18/_xlfn.STDEV.S(H$62:H$91) -> 19.880701 | AG67: =I67*Sheet2!H$18/_xlfn.STDEV.S(I$62:I$91) -> 5.4850142 | AH67: =J67*Sheet2!I$18/_xlfn.STDEV.S(J$62:J$91) -> 1.9181398 | AI67: =K67*Sheet2!J$18/_xlfn.STDEV.S(K$62:K$91) -> 2.0851043 | ... AY67: =AA67*Sheet2!Z$18/_xlfn.STDEV.S(AA$62:AA$91) -> 1.1587977 | AZ67: =AB67-AVERAGE(AB$62:AB$91)+Sheet2!C$17 -> 6.0595704 | BA67: =AC67-AVERAGE(AC$62:AC$91)+Sheet2!D$17 -> 4.9155117 | BB67: =AD67-AVERAGE(AD$62:AD$91)+Sheet2!E$17 -> 26.306497 | BC67: =AE67-AVERAGE(AE$62:AE$91)+Sheet2!F$17 -> 6.3001551 | BD67: =AF67-AVERAGE(AF$62:AF$91)+Sheet2!G$17 -> 42.685263 | BE67: =AG67-AVERAGE(AG$62:AG$91)+Sheet2!H$17 -> 18.701104 | BF67: =AH67-AVERAGE(AH$62:AH$91)+Sheet2!I$17 -> 10.473226 | BG67: =AI67-AVERAGE(AI$62:AI$91)+Sheet2!J$17 -> 24.727192 | ... BW67: =AY67-AVERAGE(AY$62:AY$91)+Sheet2!Z$17 -> 8.938015 | BZ67: =BA67-AVERAGE(AH$62:AH$91)+Sheet2!AB$17 -> 3.333154 | CA67: =BB67-AVERAGE(AI$62:AI$91)+Sheet2!AC$17 -> 23.704556 | CB67: =BC67-AVERAGE(AJ$62:AJ$91)+Sheet2!AD$17 -> 2.6710323 | CC67: =BD67-AVERAGE(AK$62:AK$91)+Sheet2!AE$17 -> 37.907003
B68: 67 | C68: 3 | D68: =RAND() -> 0.75045913 | E68: =RAND() -> 0.89375493 | F68: =RAND() -> 0.17317881 | G68: =RAND() -> 0.84994861 | H68: =RAND() -> 0.88735019 | I68: =RAND() -> 0.23741702 | J68: =RAND() -> 0.25298239 | K68: =RAND() -> 0.043970987 | ... AA68: =RAND() -> 0.3263045 | AB68: =D68*Sheet2!C$18/_xlfn.STDEV.S(D$62:D$91) -> 2.3574185 | AC68: =E68*Sheet2!D$18/_xlfn.STDEV.S(E$62:E$91) -> 2.4170121 | AD68: =F68*Sheet2!E$18/_xlfn.STDEV.S(F$62:F$91) -> 0.70850264 | AE68: =G68*Sheet2!F$18/_xlfn.STDEV.S(G$62:G$91) -> 10.41776 | AF68: =H68*Sheet2!G$18/_xlfn.STDEV.S(H$62:H$91) -> 18.506145 | AG68: =I68*Sheet2!H$18/_xlfn.STDEV.S(I$62:I$91) -> 3.9097455 | AH68: =J68*Sheet2!I$18/_xlfn.STDEV.S(J$62:J$91) -> 0.79634405 | AI68: =K68*Sheet2!J$18/_xlfn.STDEV.S(K$62:K$91) -> 0.27241624 | ... AY68: =AA68*Sheet2!Z$18/_xlfn.STDEV.S(AA$62:AA$91) -> 1.2124634 | AZ68: =AB68-AVERAGE(AB$62:AB$91)+Sheet2!C$17 -> 6.404416 | BA68: =AC68-AVERAGE(AC$62:AC$91)+Sheet2!D$17 -> 6.2654913 | BB68: =AD68-AVERAGE(AD$62:AD$91)+Sheet2!E$17 -> 25.93015 | BC68: =AE68-AVERAGE(AE$62:AE$91)+Sheet2!F$17 -> 7.777045 | BD68: =AF68-AVERAGE(AF$62:AF$91)+Sheet2!G$17 -> 41.310707 | BE68: =AG68-AVERAGE(AG$62:AG$91)+Sheet2!H$17 -> 17.125836 | BF68: =AH68-AVERAGE(AH$62:AH$91)+Sheet2!I$17 -> 9.3514299 | BG68: =AI68-AVERAGE(AI$62:AI$91)+Sheet2!J$17 -> 22.914504 | ... BW68: =AY68-AVERAGE(AY$62:AY$91)+Sheet2!Z$17 -> 8.9916807 | BZ68: =BA68-AVERAGE(AH$62:AH$91)+Sheet2!AB$17 -> 4.6831336 | CA68: =BB68-AVERAGE(AI$62:AI$91)+Sheet2!AC$17 -> 23.328209 | CB68: =BC68-AVERAGE(AJ$62:AJ$91)+Sheet2!AD$17 -> 4.1479222 | CC68: =BD68-AVERAGE(AK$62:AK$91)+Sheet2!AE$17 -> 36.532447
B69: 68 | C69: 3 | D69: =RAND() -> 0.69750553 | E69: =RAND() -> 0.45175143 | F69: =RAND() -> 0.94591865 | G69: =RAND() -> 0.12651541 | H69: =RAND() -> 0.34812325 | I69: =RAND() -> 0.51016951 | J69: =RAND() -> 0.56518913 | K69: =RAND() -> 0.14739047 | ... AA69: =RAND() -> 0.4898341 | AB69: =D69*Sheet2!C$18/_xlfn.STDEV.S(D$62:D$91) -> 2.1910752 | AC69: =E69*Sheet2!D$18/_xlfn.STDEV.S(E$62:E$91) -> 1.2216869 | AD69: =F69*Sheet2!E$18/_xlfn.STDEV.S(F$62:F$91) -> 3.8699069 | AE69: =G69*Sheet2!F$18/_xlfn.STDEV.S(G$62:G$91) -> 1.5506905 | AF69: =H69*Sheet2!G$18/_xlfn.STDEV.S(H$62:H$91) -> 7.2602896 | AG69: =I69*Sheet2!H$18/_xlfn.STDEV.S(I$62:I$91) -> 8.4013898 | AH69: =J69*Sheet2!I$18/_xlfn.STDEV.S(J$62:J$91) -> 1.7791159 | AI69: =K69*Sheet2!J$18/_xlfn.STDEV.S(K$62:K$91) -> 0.9131375 | ... AY69: =AA69*Sheet2!Z$18/_xlfn.STDEV.S(AA$62:AA$91) -> 1.8200973 | AZ69: =AB69-AVERAGE(AB$62:AB$91)+Sheet2!C$17 -> 6.2380727 | BA69: =AC69-AVERAGE(AC$62:AC$91)+Sheet2!D$17 -> 5.070166 | BB69: =AD69-AVERAGE(AD$62:AD$91)+Sheet2!E$17 -> 29.091554 | BC69: =AE69-AVERAGE(AE$62:AE$91)+Sheet2!F$17 -> -1.0900247 | BD69: =AF69-AVERAGE(AF$62:AF$91)+Sheet2!G$17 -> 30.064851 | BE69: =AG69-AVERAGE(AG$62:AG$91)+Sheet2!H$17 -> 21.61748 | BF69: =AH69-AVERAGE(AH$62:AH$91)+Sheet2!I$17 -> 10.334202 | BG69: =AI69-AVERAGE(AI$62:AI$91)+Sheet2!J$17 -> 23.555225 | ... BW69: =AY69-AVERAGE(AY$62:AY$91)+Sheet2!Z$17 -> 9.5993146 | BZ69: =BA69-AVERAGE(AH$62:AH$91)+Sheet2!AB$17 -> 3.4878084 | CA69: =BB69-AVERAGE(AI$62:AI$91)+Sheet2!AC$17 -> 26.489613 | CB69: =BC69-AVERAGE(AJ$62:AJ$91)+Sheet2!AD$17 -> -4.7191475 | CC69: =BD69-AVERAGE(AK$62:AK$91)+Sheet2!AE$17 -> 25.286591
B70: 69 | C70: 3 | D70: =RAND() -> 0.32098606 | E70: =RAND() -> 0.14887735 | F70: =RAND() -> 0.89128269 | G70: =RAND() -> 0.32260241 | H70: =RAND() -> 0.045503662 | I70: =RAND() -> 0.75475787 | J70: =RAND() -> 0.85949798 | K70: =RAND() -> 0.43543259 | ... AA70: =RAND() -> 0.94454592 | AB70: =D70*Sheet2!C$18/_xlfn.STDEV.S(D$62:D$91) -> 1.008314 | AC70: =E70*Sheet2!D$18/_xlfn.STDEV.S(E$62:E$91) -> 0.40261413 | AD70: =F70*Sheet2!E$18/_xlfn.STDEV.S(F$62:F$91) -> 3.6463823 | AE70: =G70*Sheet2!F$18/_xlfn.STDEV.S(G$62:G$91) -> 3.954115 | AF70: =H70*Sheet2!G$18/_xlfn.STDEV.S(H$62:H$91) -> 0.9490023 | AG70: =I70*Sheet2!H$18/_xlfn.STDEV.S(I$62:I$91) -> 12.429232 | AH70: =J70*Sheet2!I$18/_xlfn.STDEV.S(J$62:J$91) -> 2.7055484 | AI70: =K70*Sheet2!J$18/_xlfn.STDEV.S(K$62:K$91) -> 2.697663 | ... AY70: =AA70*Sheet2!Z$18/_xlfn.STDEV.S(AA$62:AA$91) -> 3.5096892 | AZ70: =AB70-AVERAGE(AB$62:AB$91)+Sheet2!C$17 -> 5.0553115 | BA70: =AC70-AVERAGE(AC$62:AC$91)+Sheet2!D$17 -> 4.2510933 | BB70: =AD70-AVERAGE(AD$62:AD$91)+Sheet2!E$17 -> 28.86803 | BC70: =AE70-AVERAGE(AE$62:AE$91)+Sheet2!F$17 -> 1.3133998 | BD70: =AF70-AVERAGE(AF$62:AF$91)+Sheet2!G$17 -> 23.753564 | BE70: =AG70-AVERAGE(AG$62:AG$91)+Sheet2!H$17 -> 25.645322 | BF70: =AH70-AVERAGE(AH$62:AH$91)+Sheet2!I$17 -> 11.260634 | BG70: =AI70-AVERAGE(AI$62:AI$91)+Sheet2!J$17 -> 25.339751 | ... BW70: =AY70-AVERAGE(AY$62:AY$91)+Sheet2!Z$17 -> 11.288907 | BZ70: =BA70-AVERAGE(AH$62:AH$91)+Sheet2!AB$17 -> 2.6687356 | CA70: =BB70-AVERAGE(AI$62:AI$91)+Sheet2!AC$17 -> 26.266089 | CB70: =BC70-AVERAGE(AJ$62:AJ$91)+Sheet2!AD$17 -> -2.315723 | CC70: =BD70-AVERAGE(AK$62:AK$91)+Sheet2!AE$17 -> 18.975304
B71: 70 | C71: 3 | D71: =RAND() -> 0.89042528 | E71: =RAND() -> 0.32450292 | F71: =RAND() -> 0.14384885 | G71: =RAND() -> 0.3991731 | H71: =RAND() -> 0.70244816 | I71: =RAND() -> 0.1229043 | J71: =RAND() -> 0.18906739 | K71: =RAND() -> 0.2518983 | ... AA71: =RAND() -> 0.2951005 | AB71: =D71*Sheet2!C$18/_xlfn.STDEV.S(D$62:D$91) -> 2.7970943 | AC71: =E71*Sheet2!D$18/_xlfn.STDEV.S(E$62:E$91) -> 0.87756439 | AD71: =F71*Sheet2!E$18/_xlfn.STDEV.S(F$62:F$91) -> 0.58850904 | AE71: =G71*Sheet2!F$18/_xlfn.STDEV.S(G$62:G$91) -> 4.8926365 | AF71: =H71*Sheet2!G$18/_xlfn.STDEV.S(H$62:H$91) -> 14.649918 | AG71: =I71*Sheet2!H$18/_xlfn.STDEV.S(I$62:I$91) -> 2.0239683 | AH71: =J71*Sheet2!I$18/_xlfn.STDEV.S(J$62:J$91) -> 0.59515086 | AI71: =K71*Sheet2!J$18/_xlfn.STDEV.S(K$62:K$91) -> 1.5606015 | ... AY71: =AA71*Sheet2!Z$18/_xlfn.STDEV.S(AA$62:AA$91) -> 1.0965174 | AZ71: =AB71-AVERAGE(AB$62:AB$91)+Sheet2!C$17 -> 6.8440918 | BA71: =AC71-AVERAGE(AC$62:AC$91)+Sheet2!D$17 -> 4.7260435 | BB71: =AD71-AVERAGE(AD$62:AD$91)+Sheet2!E$17 -> 25.810156 | BC71: =AE71-AVERAGE(AE$62:AE$91)+Sheet2!F$17 -> 2.2519214 | BD71: =AF71-AVERAGE(AF$62:AF$91)+Sheet2!G$17 -> 37.45448 | BE71: =AG71-AVERAGE(AG$62:AG$91)+Sheet2!H$17 -> 15.240059 | BF71: =AH71-AVERAGE(AH$62:AH$91)+Sheet2!I$17 -> 9.1502367 | BG71: =AI71-AVERAGE(AI$62:AI$91)+Sheet2!J$17 -> 24.202689 | ... BW71: =AY71-AVERAGE(AY$62:AY$91)+Sheet2!Z$17 -> 8.8757347 | BZ71: =BA71-AVERAGE(AH$62:AH$91)+Sheet2!AB$17 -> 3.1436858 | CA71: =BB71-AVERAGE(AI$62:AI$91)+Sheet2!AC$17 -> 23.208215 | CB71: =BC71-AVERAGE(AJ$62:AJ$91)+Sheet2!AD$17 -> -1.3772015 | CC71: =BD71-AVERAGE(AK$62:AK$91)+Sheet2!AE$17 -> 32.67622
B72: 71 | C72: 3 | D72: =RAND() -> 0.67888139 | E72: =RAND() -> 0.057622198 | F72: =RAND() -> 0.2193352 | G72: =RAND() -> 0.25590322 | H72: =RAND() -> 0.19191543 | I72: =RAND() -> 0.0024464394 | J72: =RAND() -> 0.43279275 | K72: =RAND() -> 0.77507362 | ... AA72: =RAND() -> 0.90414641 | AB72: =D72*Sheet2!C$18/_xlfn.STDEV.S(D$62:D$91) -> 2.1325712 | AC72: =E72*Sheet2!D$18/_xlfn.STDEV.S(E$62:E$91) -> 0.15582969 | AD72: =F72*Sheet2!E$18/_xlfn.STDEV.S(F$62:F$91) -> 0.89733597 | AE72: =G72*Sheet2!F$18/_xlfn.STDEV.S(G$62:G$91) -> 3.1365877 | AF72: =H72*Sheet2!G$18/_xlfn.STDEV.S(H$62:H$91) -> 4.0024951 | AG72: =I72*Sheet2!H$18/_xlfn.STDEV.S(I$62:I$91) -> 0.040287573 | AH72: =J72*Sheet2!I$18/_xlfn.STDEV.S(J$62:J$91) -> 1.3623554 | AI72: =K72*Sheet2!J$18/_xlfn.STDEV.S(K$62:K$91) -> 4.8018626 | ... AY72: =AA72*Sheet2!Z$18/_xlfn.STDEV.S(AA$62:AA$91) -> 3.359575 | AZ72: =AB72-AVERAGE(AB$62:AB$91)+Sheet2!C$17 -> 6.1795687 | BA72: =AC72-AVERAGE(AC$62:AC$91)+Sheet2!D$17 -> 4.0043088 | BB72: =AD72-AVERAGE(AD$62:AD$91)+Sheet2!E$17 -> 26.118983 | BC72: =AE72-AVERAGE(AE$62:AE$91)+Sheet2!F$17 -> 0.49587255 | BD72: =AF72-AVERAGE(AF$62:AF$91)+Sheet2!G$17 -> 26.807057 | BE72: =AG72-AVERAGE(AG$62:AG$91)+Sheet2!H$17 -> 13.256378 | BF72: =AH72-AVERAGE(AH$62:AH$91)+Sheet2!I$17 -> 9.9174413 | BG72: =AI72-AVERAGE(AI$62:AI$91)+Sheet2!J$17 -> 27.44395 | ... BW72: =AY72-AVERAGE(AY$62:AY$91)+Sheet2!Z$17 -> 11.138792 | BZ72: =BA72-AVERAGE(AH$62:AH$91)+Sheet2!AB$17 -> 2.4219511 | CA72: =BB72-AVERAGE(AI$62:AI$91)+Sheet2!AC$17 -> 23.517042 | CB72: =BC72-AVERAGE(AJ$62:AJ$91)+Sheet2!AD$17 -> -3.1332503 | CC72: =BD72-AVERAGE(AK$62:AK$91)+Sheet2!AE$17 -> 22.028797
B73: 72 | C73: 3 | D73: =RAND() -> 0.49873323 | E73: =RAND() -> 0.82116889 | F73: =RAND() -> 0.5421437 | G73: =RAND() -> 0.39461302 | H73: =RAND() -> 0.25655355 | I73: =RAND() -> 0.065475437 | J73: =RAND() -> 0.37250459 | K73: =RAND() -> 0.66555716 | ... AA73: =RAND() -> 0.13420037 | AB73: =D73*Sheet2!C$18/_xlfn.STDEV.S(D$62:D$91) -> 1.5666715 | AC73: =E73*Sheet2!D$18/_xlfn.STDEV.S(E$62:E$91) -> 2.2207152 | AD73: =F73*Sheet2!E$18/_xlfn.STDEV.S(F$62:F$91) -> 2.217998 | AE73: =G73*Sheet2!F$18/_xlfn.STDEV.S(G$62:G$91) -> 4.836744 | AF73: =H73*Sheet2!G$18/_xlfn.STDEV.S(H$62:H$91) -> 5.3505565 | AG73: =I73*Sheet2!H$18/_xlfn.STDEV.S(I$62:I$91) -> 1.078239 | AH73: =J73*Sheet2!I$18/_xlfn.STDEV.S(J$62:J$91) -> 1.1725789 | AI73: =K73*Sheet2!J$18/_xlfn.STDEV.S(K$62:K$91) -> 4.1233684 | ... AY73: =AA73*Sheet2!Z$18/_xlfn.STDEV.S(AA$62:AA$91) -> 0.49865398 | AZ73: =AB73-AVERAGE(AB$62:AB$91)+Sheet2!C$17 -> 5.613669 | BA73: =AC73-AVERAGE(AC$62:AC$91)+Sheet2!D$17 -> 6.0691944 | BB73: =AD73-AVERAGE(AD$62:AD$91)+Sheet2!E$17 -> 27.439645 | BC73: =AE73-AVERAGE(AE$62:AE$91)+Sheet2!F$17 -> 2.1960289 | BD73: =AF73-AVERAGE(AF$62:AF$91)+Sheet2!G$17 -> 28.155118 | BE73: =AG73-AVERAGE(AG$62:AG$91)+Sheet2!H$17 -> 14.294329 | BF73: =AH73-AVERAGE(AH$62:AH$91)+Sheet2!I$17 -> 9.7276647 | BG73: =AI73-AVERAGE(AI$62:AI$91)+Sheet2!J$17 -> 26.765456 | ... BW73: =AY73-AVERAGE(AY$62:AY$91)+Sheet2!Z$17 -> 8.2778713 | BZ73: =BA73-AVERAGE(AH$62:AH$91)+Sheet2!AB$17 -> 4.4868367 | CA73: =BB73-AVERAGE(AI$62:AI$91)+Sheet2!AC$17 -> 24.837704 | CB73: =BC73-AVERAGE(AJ$62:AJ$91)+Sheet2!AD$17 -> -1.4330939 | CC73: =BD73-AVERAGE(AK$62:AK$91)+Sheet2!AE$17 -> 23.376858
... B91: 90 | C91: 3 | D91: =RAND() -> 0.93919641 | E91: =RAND() -> 0.54257701 | F91: =RAND() -> 0.221813 | G91: =RAND() -> 0.90916966 | H91: =RAND() -> 0.79449847 | I91: =RAND() -> 0.58903172 | J91: =RAND() -> 0.32861554 | K91: =RAND() -> 0.60772744 | ... AA91: =RAND() -> 0.37279308 | AB91: =D91*Sheet2!C$18/_xlfn.STDEV.S(D$62:D$91) -> 2.9502992 | AC91: =E91*Sheet2!D$18/_xlfn.STDEV.S(E$62:E$91) -> 1.4673097 | AD91: =F91*Sheet2!E$18/_xlfn.STDEV.S(F$62:F$91) -> 0.90747302 | AE91: =G91*Sheet2!F$18/_xlfn.STDEV.S(G$62:G$91) -> 11.143628 | AF91: =H91*Sheet2!G$18/_xlfn.STDEV.S(H$62:H$91) -> 16.569675 | AG91: =I91*Sheet2!H$18/_xlfn.STDEV.S(I$62:I$91) -> 9.70008 | AH91: =J91*Sheet2!I$18/_xlfn.STDEV.S(J$62:J$91) -> 1.0344239 | AI91: =K91*Sheet2!J$18/_xlfn.STDEV.S(K$62:K$91) -> 3.7650923 | ... AY91: =AA91*Sheet2!Z$18/_xlfn.STDEV.S(AA$62:AA$91) -> 1.385203 | AZ91: =AB91-AVERAGE(AB$62:AB$91)+Sheet2!C$17 -> 6.9972967 | BA91: =AC91-AVERAGE(AC$62:AC$91)+Sheet2!D$17 -> 5.3157888 | BB91: =AD91-AVERAGE(AD$62:AD$91)+Sheet2!E$17 -> 26.12912 | BC91: =AE91-AVERAGE(AE$62:AE$91)+Sheet2!F$17 -> 8.5029133 | BD91: =AF91-AVERAGE(AF$62:AF$91)+Sheet2!G$17 -> 39.374236 | BE91: =AG91-AVERAGE(AG$62:AG$91)+Sheet2!H$17 -> 22.91617 | BF91: =AH91-AVERAGE(AH$62:AH$91)+Sheet2!I$17 -> 9.5895097 | BG91: =AI91-AVERAGE(AI$62:AI$91)+Sheet2!J$17 -> 26.40718 | ... BW91: =AY91-AVERAGE(AY$62:AY$91)+Sheet2!Z$17 -> 9.1644203 | BZ91: =BA91-AVERAGE(AH$62:AH$91)+Sheet2!AB$17 -> 3.7334311 | CA91: =BB91-AVERAGE(AI$62:AI$91)+Sheet2!AC$17 -> 23.527179 | CB91: =BC91-AVERAGE(AJ$62:AJ$91)+Sheet2!AD$17 -> 4.8737905 | CC91: =BD91-AVERAGE(AK$62:AK$91)+Sheet2!AE$17 -> 34.595977
B92: 91 | C92: 4 | D92: =RAND() -> 0.10363112 | E92: =RAND() -> 0.17093848 | F92: =RAND() -> 0.65271149 | G92: =RAND() -> 0.79106534 | H92: =RAND() -> 0.082610189 | I92: =RAND() -> 0.3358375 | J92: =RAND() -> 0.22026951 | K92: =RAND() -> 0.210686 | ... AA92: =RAND() -> 0.54406553 | AB92: =D92*Sheet2!C$20/_xlfn.STDEV.S(D$92:D$121) -> 0.37420891 | AC92: =E92*Sheet2!D$20/_xlfn.STDEV.S(E$92:E$121) -> 2.5987356 | AD92: =F92*Sheet2!E$20/_xlfn.STDEV.S(F$92:F$121) -> 3.4303905 | AE92: =G92*Sheet2!F$20/_xlfn.STDEV.S(G$92:G$121) -> 5.9862475 | AF92: =H92*Sheet2!G$20/_xlfn.STDEV.S(H$92:H$121) -> 0.85567546 | AG92: =I92*Sheet2!H$20/_xlfn.STDEV.S(I$92:I$121) -> 6.4581938 | AH92: =J92*Sheet2!I$20/_xlfn.STDEV.S(J$92:J$121) -> 0.52147982 | AI92: =K92*Sheet2!J$20/_xlfn.STDEV.S(K$92:K$121) -> 1.3552358 | ... AY92: =AA92*Sheet2!Z$20/_xlfn.STDEV.S(AA$92:AA$121) -> 1.1897068 | AZ92: =AB92-AVERAGE(AB$92:AB$121)+Sheet2!C$19 -> 2.5528851 | BA92: =AC92-AVERAGE(AC$92:AC$121)+Sheet2!D$19 -> 4.6508195 | BB92: =AD92-AVERAGE(AD$92:AD$121)+Sheet2!E$19 -> 22.929898 | BC92: =AE92-AVERAGE(AE$92:AE$121)+Sheet2!F$19 -> 18.766763 | BD92: =AF92-AVERAGE(AF$92:AF$121)+Sheet2!G$19 -> 13.845948 | BE92: =AG92-AVERAGE(AG$92:AG$121)+Sheet2!H$19 -> 25.728056 | BF92: =AH92-AVERAGE(AH$92:AH$121)+Sheet2!I$19 -> 11.305047 | BG92: =AI92-AVERAGE(AI$92:AI$121)+Sheet2!J$19 -> 22.720213 | ... BW92: =AY92-AVERAGE(AY$92:AY$121)+Sheet2!Z$19 -> 7.2291674 | BZ92: =BA92-AVERAGE(AH$92:AH$121)+Sheet2!AB$19 -> 3.5752321 | CA92: =BB92-AVERAGE(AI$92:AI$121)+Sheet2!AC$19 -> 19.305268 | CB92: =BC92-AVERAGE(AJ$92:AJ$121)+Sheet2!AD$19 -> 16.054008 | CC92: =BD92-AVERAGE(AK$92:AK$121)+Sheet2!AE$19 -> 11.40408
B93: 92 | C93: 4 | D93: =RAND() -> 0.032861514 | E93: =RAND() -> 0.48704133 | F93: =RAND() -> 0.92691885 | G93: =RAND() -> 0.68615908 | H93: =RAND() -> 0.49791437 | I93: =RAND() -> 0.15309311 | J93: =RAND() -> 0.74545837 | K93: =RAND() -> 0.23643918 | ... AA93: =RAND() -> 0.16238069 | AB93: =D93*Sheet2!C$20/_xlfn.STDEV.S(D$92:D$121) -> 0.11866196 | AC93: =E93*Sheet2!D$20/_xlfn.STDEV.S(E$92:E$121) -> 7.4043692 | AD93: =F93*Sheet2!E$20/_xlfn.STDEV.S(F$92:F$121) -> 4.8715147 | AE93: =G93*Sheet2!F$20/_xlfn.STDEV.S(G$92:G$121) -> 5.1923879 | AF93: =H93*Sheet2!G$20/_xlfn.STDEV.S(H$92:H$121) -> 5.1573917 | AG93: =I93*Sheet2!H$20/_xlfn.STDEV.S(I$92:I$121) -> 2.9439982 | AH93: =J93*Sheet2!I$20/_xlfn.STDEV.S(J$92:J$121) -> 1.7648448 | AI93: =K93*Sheet2!J$20/_xlfn.STDEV.S(K$92:K$121) -> 1.5208929 | ... AY93: =AA93*Sheet2!Z$20/_xlfn.STDEV.S(AA$92:AA$121) -> 0.35507746 | AZ93: =AB93-AVERAGE(AB$92:AB$121)+Sheet2!C$19 -> 2.2973381 | BA93: =AC93-AVERAGE(AC$92:AC$121)+Sheet2!D$19 -> 9.4564531 | BB93: =AD93-AVERAGE(AD$92:AD$121)+Sheet2!E$19 -> 24.371022 | BC93: =AE93-AVERAGE(AE$92:AE$121)+Sheet2!F$19 -> 17.972904 | BD93: =AF93-AVERAGE(AF$92:AF$121)+Sheet2!G$19 -> 18.147664 | BE93: =AG93-AVERAGE(AG$92:AG$121)+Sheet2!H$19 -> 22.213861 | BF93: =AH93-AVERAGE(AH$92:AH$121)+Sheet2!I$19 -> 12.548412 | BG93: =AI93-AVERAGE(AI$92:AI$121)+Sheet2!J$19 -> 22.88587 | ... BW93: =AY93-AVERAGE(AY$92:AY$121)+Sheet2!Z$19 -> 6.3945381 | BZ93: =BA93-AVERAGE(AH$92:AH$121)+Sheet2!AB$19 -> 8.3808657 | CA93: =BB93-AVERAGE(AI$92:AI$121)+Sheet2!AC$19 -> 20.746392 | CB93: =BC93-AVERAGE(AJ$92:AJ$121)+Sheet2!AD$19 -> 15.260149 | CC93: =BD93-AVERAGE(AK$92:AK$121)+Sheet2!AE$19 -> 15.705796
B94: 93 | C94: 4 | D94: =RAND() -> 0.26833372 | E94: =RAND() -> 0.96777554 | F94: =RAND() -> 0.9734138 | G94: =RAND() -> 0.95305733 | H94: =RAND() -> 0.61580175 | I94: =RAND() -> 0.48806729 | J94: =RAND() -> 0.96600021 | K94: =RAND() -> 0.97513699 | ... AA94: =RAND() -> 0.61458139 | AB94: =D94*Sheet2!C$20/_xlfn.STDEV.S(D$92:D$121) -> 0.96894519 | AC94: =E94*Sheet2!D$20/_xlfn.STDEV.S(E$92:E$121) -> 14.712853 | AD94: =F94*Sheet2!E$20/_xlfn.STDEV.S(F$92:F$121) -> 5.1158736 | AE94: =G94*Sheet2!F$20/_xlfn.STDEV.S(G$92:G$121) -> 7.2120934 | AF94: =H94*Sheet2!G$20/_xlfn.STDEV.S(H$92:H$121) -> 6.378468 | AG94: =I94*Sheet2!H$20/_xlfn.STDEV.S(I$92:I$121) -> 9.38559 | AH94: =J94*Sheet2!I$20/_xlfn.STDEV.S(J$92:J$121) -> 2.2869694 | AI94: =K94*Sheet2!J$20/_xlfn.STDEV.S(K$92:K$121) -> 6.2725598 | ... AY94: =AA94*Sheet2!Z$20/_xlfn.STDEV.S(AA$92:AA$121) -> 1.3439036 | AZ94: =AB94-AVERAGE(AB$92:AB$121)+Sheet2!C$19 -> 3.1476214 | BA94: =AC94-AVERAGE(AC$92:AC$121)+Sheet2!D$19 -> 16.764937 | BB94: =AD94-AVERAGE(AD$92:AD$121)+Sheet2!E$19 -> 24.615381 | BC94: =AE94-AVERAGE(AE$92:AE$121)+Sheet2!F$19 -> 19.992609 | BD94: =AF94-AVERAGE(AF$92:AF$121)+Sheet2!G$19 -> 19.36874 | BE94: =AG94-AVERAGE(AG$92:AG$121)+Sheet2!H$19 -> 28.655452 | BF94: =AH94-AVERAGE(AH$92:AH$121)+Sheet2!I$19 -> 13.070537 | BG94: =AI94-AVERAGE(AI$92:AI$121)+Sheet2!J$19 -> 27.637537 | ... BW94: =AY94-AVERAGE(AY$92:AY$121)+Sheet2!Z$19 -> 7.3833642 | BZ94: =BA94-AVERAGE(AH$92:AH$121)+Sheet2!AB$19 -> 15.689349 | CA94: =BB94-AVERAGE(AI$92:AI$121)+Sheet2!AC$19 -> 20.990751 | CB94: =BC94-AVERAGE(AJ$92:AJ$121)+Sheet2!AD$19 -> 17.279854 | CC94: =BD94-AVERAGE(AK$92:AK$121)+Sheet2!AE$19 -> 16.926873
B95: 94 | C95: 4 | D95: =RAND() -> 0.33837433 | E95: =RAND() -> 0.41758587 | F95: =RAND() -> 0.56519892 | G95: =RAND() -> 0.21836627 | H95: =RAND() -> 0.90688198 | I95: =RAND() -> 0.47739083 | J95: =RAND() -> 0.13435797 | K95: =RAND() -> 0.85686172 | ... AA95: =RAND() -> 0.18083677 | AB95: =D95*Sheet2!C$20/_xlfn.STDEV.S(D$92:D$121) -> 1.2218598 | AC95: =E95*Sheet2!D$20/_xlfn.STDEV.S(E$92:E$121) -> 6.348455 | AD95: =F95*Sheet2!E$20/_xlfn.STDEV.S(F$92:F$121) -> 2.9704594 | AE95: =G95*Sheet2!F$20/_xlfn.STDEV.S(G$92:G$121) -> 1.6524483 | AF95: =H95*Sheet2!G$20/_xlfn.STDEV.S(H$92:H$121) -> 9.3934738 | AG95: =I95*Sheet2!H$20/_xlfn.STDEV.S(I$92:I$121) -> 9.1802806 | AH95: =J95*Sheet2!I$20/_xlfn.STDEV.S(J$92:J$121) -> 0.31808746 | AI95: =K95*Sheet2!J$20/_xlfn.STDEV.S(K$92:K$121) -> 5.5117552 | ... AY95: =AA95*Sheet2!Z$20/_xlfn.STDEV.S(AA$92:AA$121) -> 0.39543533 | AZ95: =AB95-AVERAGE(AB$92:AB$121)+Sheet2!C$19 -> 3.4005359 | BA95: =AC95-AVERAGE(AC$92:AC$121)+Sheet2!D$19 -> 8.4005389 | BB95: =AD95-AVERAGE(AD$92:AD$121)+Sheet2!E$19 -> 22.469967 | BC95: =AE95-AVERAGE(AE$92:AE$121)+Sheet2!F$19 -> 14.432964 | BD95: =AF95-AVERAGE(AF$92:AF$121)+Sheet2!G$19 -> 22.383746 | BE95: =AG95-AVERAGE(AG$92:AG$121)+Sheet2!H$19 -> 28.450143 | BF95: =AH95-AVERAGE(AH$92:AH$121)+Sheet2!I$19 -> 11.101655 | BG95: =AI95-AVERAGE(AI$92:AI$121)+Sheet2!J$19 -> 26.876733 | ... BW95: =AY95-AVERAGE(AY$92:AY$121)+Sheet2!Z$19 -> 6.4348959 | BZ95: =BA95-AVERAGE(AH$92:AH$121)+Sheet2!AB$19 -> 7.3249515 | CA95: =BB95-AVERAGE(AI$92:AI$121)+Sheet2!AC$19 -> 18.845337 | CB95: =BC95-AVERAGE(AJ$92:AJ$121)+Sheet2!AD$19 -> 11.720209 | CC95: =BD95-AVERAGE(AK$92:AK$121)+Sheet2!AE$19 -> 19.941878
B96: 95 | C96: 4 | D96: =RAND() -> 0.1608469 | E96: =RAND() -> 0.45882828 | F96: =RAND() -> 0.90666827 | G96: =RAND() -> 0.050800824 | H96: =RAND() -> 0.16151101 | I96: =RAND() -> 0.37545977 | J96: =RAND() -> 0.90524354 | K96: =RAND() -> 0.7620409 | ... AA96: =RAND() -> 0.82412814 | AB96: =D96*Sheet2!C$20/_xlfn.STDEV.S(D$92:D$121) -> 0.58081343 | AC96: =E96*Sheet2!D$20/_xlfn.STDEV.S(E$92:E$121) -> 6.9754531 | AD96: =F96*Sheet2!E$20/_xlfn.STDEV.S(F$92:F$121) -> 4.7650858 | AE96: =G96*Sheet2!F$20/_xlfn.STDEV.S(G$92:G$121) -> 0.38442628 | AF96: =H96*Sheet2!G$20/_xlfn.STDEV.S(H$92:H$121) -> 1.6729293 | AG96: =I96*Sheet2!H$20/_xlfn.STDEV.S(I$92:I$121) -> 7.2201345 | AH96: =J96*Sheet2!I$20/_xlfn.STDEV.S(J$92:J$121) -> 2.1431302 | AI96: =K96*Sheet2!J$20/_xlfn.STDEV.S(K$92:K$121) -> 4.9018211 | ... AY96: =AA96*Sheet2!Z$20/_xlfn.STDEV.S(AA$92:AA$121) -> 1.802119 | AZ96: =AB96-AVERAGE(AB$92:AB$121)+Sheet2!C$19 -> 2.7594896 | BA96: =AC96-AVERAGE(AC$92:AC$121)+Sheet2!D$19 -> 9.0275371 | BB96: =AD96-AVERAGE(AD$92:AD$121)+Sheet2!E$19 -> 24.264593 | BC96: =AE96-AVERAGE(AE$92:AE$121)+Sheet2!F$19 -> 13.164942 | BD96: =AF96-AVERAGE(AF$92:AF$121)+Sheet2!G$19 -> 14.663201 | BE96: =AG96-AVERAGE(AG$92:AG$121)+Sheet2!H$19 -> 26.489997 | BF96: =AH96-AVERAGE(AH$92:AH$121)+Sheet2!I$19 -> 12.926698 | BG96: =AI96-AVERAGE(AI$92:AI$121)+Sheet2!J$19 -> 26.266799 | ... BW96: =AY96-AVERAGE(AY$92:AY$121)+Sheet2!Z$19 -> 7.8415796 | BZ96: =BA96-AVERAGE(AH$92:AH$121)+Sheet2!AB$19 -> 7.9519496 | CA96: =BB96-AVERAGE(AI$92:AI$121)+Sheet2!AC$19 -> 20.639963 | CB96: =BC96-AVERAGE(AJ$92:AJ$121)+Sheet2!AD$19 -> 10.452187 | CC96: =BD96-AVERAGE(AK$92:AK$121)+Sheet2!AE$19 -> 12.221334
B97: 96 | C97: 4 | D97: =RAND() -> 0.45887054 | E97: =RAND() -> 0.051539875 | F97: =RAND() -> 0.88659575 | G97: =RAND() -> 0.59637568 | H97: =RAND() -> 0.20145871 | I97: =RAND() -> 0.47893073 | J97: =RAND() -> 0.79607525 | K97: =RAND() -> 0.42570552 | ... AA97: =RAND() -> 0.48220929 | AB97: =D97*Sheet2!C$20/_xlfn.STDEV.S(D$92:D$121) -> 1.6569681 | AC97: =E97*Sheet2!D$20/_xlfn.STDEV.S(E$92:E$121) -> 0.783548 | AD97: =F97*Sheet2!E$20/_xlfn.STDEV.S(F$92:F$121) -> 4.6595926 | AE97: =G97*Sheet2!F$20/_xlfn.STDEV.S(G$92:G$121) -> 4.5129678 | AF97: =H97*Sheet2!G$20/_xlfn.STDEV.S(H$92:H$121) -> 2.0867071 | AG97: =I97*Sheet2!H$20/_xlfn.STDEV.S(I$92:I$121) -> 9.2098931 | AH97: =J97*Sheet2!I$20/_xlfn.STDEV.S(J$92:J$121) -> 1.8846784 | AI97: =K97*Sheet2!J$20/_xlfn.STDEV.S(K$92:K$121) -> 2.7383468 | ... AY97: =AA97*Sheet2!Z$20/_xlfn.STDEV.S(AA$92:AA$121) -> 1.0544459 | AZ97: =AB97-AVERAGE(AB$92:AB$121)+Sheet2!C$19 -> 3.8356442 | BA97: =AC97-AVERAGE(AC$92:AC$121)+Sheet2!D$19 -> 2.835632 | BB97: =AD97-AVERAGE(AD$92:AD$121)+Sheet2!E$19 -> 24.1591 | BC97: =AE97-AVERAGE(AE$92:AE$121)+Sheet2!F$19 -> 17.293484 | BD97: =AF97-AVERAGE(AF$92:AF$121)+Sheet2!G$19 -> 15.076979 | BE97: =AG97-AVERAGE(AG$92:AG$121)+Sheet2!H$19 -> 28.479756 | BF97: =AH97-AVERAGE(AH$92:AH$121)+Sheet2!I$19 -> 12.668246 | BG97: =AI97-AVERAGE(AI$92:AI$121)+Sheet2!J$19 -> 24.103324 | ... BW97: =AY97-AVERAGE(AY$92:AY$121)+Sheet2!Z$19 -> 7.0939065 | BZ97: =BA97-AVERAGE(AH$92:AH$121)+Sheet2!AB$19 -> 1.7600445 | CA97: =BB97-AVERAGE(AI$92:AI$121)+Sheet2!AC$19 -> 20.53447 | CB97: =BC97-AVERAGE(AJ$92:AJ$121)+Sheet2!AD$19 -> 14.580728 | CC97: =BD97-AVERAGE(AK$92:AK$121)+Sheet2!AE$19 -> 12.635112
B98: 97 | C98: 4 | D98: =RAND() -> 0.78022879 | E98: =RAND() -> 0.71335094 | F98: =RAND() -> 0.88472364 | G98: =RAND() -> 0.89209935 | H98: =RAND() -> 0.5458238 | I98: =RAND() -> 0.35111499 | J98: =RAND() -> 0.64166196 | K98: =RAND() -> 0.19757232 | ... AA98: =RAND() -> 0.28287452 | AB98: =D98*Sheet2!C$20/_xlfn.STDEV.S(D$92:D$121) -> 2.8173832 | AC98: =E98*Sheet2!D$20/_xlfn.STDEV.S(E$92:E$121) -> 10.844898 | AD98: =F98*Sheet2!E$20/_xlfn.STDEV.S(F$92:F$121) -> 4.6497535 | AE98: =G98*Sheet2!F$20/_xlfn.STDEV.S(G$92:G$121) -> 6.7508046 | AF98: =H98*Sheet2!G$20/_xlfn.STDEV.S(H$92:H$121) -> 5.6536371 | AG98: =I98*Sheet2!H$20/_xlfn.STDEV.S(I$92:I$121) -> 6.7519816 | AH98: =J98*Sheet2!I$20/_xlfn.STDEV.S(J$92:J$121) -> 1.5191107 | AI98: =K98*Sheet2!J$20/_xlfn.STDEV.S(K$92:K$121) -> 1.2708822 | ... AY98: =AA98*Sheet2!Z$20/_xlfn.STDEV.S(AA$92:AA$121) -> 0.61856103 | AZ98: =AB98-AVERAGE(AB$92:AB$121)+Sheet2!C$19 -> 4.9960594 | BA98: =AC98-AVERAGE(AC$92:AC$121)+Sheet2!D$19 -> 12.896982 | BB98: =AD98-AVERAGE(AD$92:AD$121)+Sheet2!E$19 -> 24.149261 | BC98: =AE98-AVERAGE(AE$92:AE$121)+Sheet2!F$19 -> 19.53132 | BD98: =AF98-AVERAGE(AF$92:AF$121)+Sheet2!G$19 -> 18.643909 | BE98: =AG98-AVERAGE(AG$92:AG$121)+Sheet2!H$19 -> 26.021844 | BF98: =AH98-AVERAGE(AH$92:AH$121)+Sheet2!I$19 -> 12.302678 | BG98: =AI98-AVERAGE(AI$92:AI$121)+Sheet2!J$19 -> 22.63586 | ... BW98: =AY98-AVERAGE(AY$92:AY$121)+Sheet2!Z$19 -> 6.6580216 | BZ98: =BA98-AVERAGE(AH$92:AH$121)+Sheet2!AB$19 -> 11.821395 | CA98: =BB98-AVERAGE(AI$92:AI$121)+Sheet2!AC$19 -> 20.524631 | CB98: =BC98-AVERAGE(AJ$92:AJ$121)+Sheet2!AD$19 -> 16.818565 | CC98: =BD98-AVERAGE(AK$92:AK$121)+Sheet2!AE$19 -> 16.202042
B99: 98 | C99: 4 | D99: =RAND() -> 0.43560597 | E99: =RAND() -> 0.97915164 | F99: =RAND() -> 0.065413927 | G99: =RAND() -> 0.28676529 | H99: =RAND() -> 0.31120492 | I99: =RAND() -> 0.79988448 | J99: =RAND() -> 0.79014279 | K99: =RAND() -> 0.85222935 | ... AA99: =RAND() -> 0.67212496 | AB99: =D99*Sheet2!C$20/_xlfn.STDEV.S(D$92:D$121) -> 1.5729604 | AC99: =E99*Sheet2!D$20/_xlfn.STDEV.S(E$92:E$121) -> 14.885801 | AD99: =F99*Sheet2!E$20/_xlfn.STDEV.S(F$92:F$121) -> 0.34378944 | AE99: =G99*Sheet2!F$20/_xlfn.STDEV.S(G$92:G$121) -> 2.1700458 | AF99: =H99*Sheet2!G$20/_xlfn.STDEV.S(H$92:H$121) -> 3.2234572 | AG99: =I99*Sheet2!H$20/_xlfn.STDEV.S(I$92:I$121) -> 15.381871 | AH99: =J99*Sheet2!I$20/_xlfn.STDEV.S(J$92:J$121) -> 1.8706335 | AI99: =K99*Sheet2!J$20/_xlfn.STDEV.S(K$92:K$121) -> 5.4819575 | ... AY99: =AA99*Sheet2!Z$20/_xlfn.STDEV.S(AA$92:AA$121) -> 1.469734 | AZ99: =AB99-AVERAGE(AB$92:AB$121)+Sheet2!C$19 -> 3.7516365 | BA99: =AC99-AVERAGE(AC$92:AC$121)+Sheet2!D$19 -> 16.937885 | BB99: =AD99-AVERAGE(AD$92:AD$121)+Sheet2!E$19 -> 19.843297 | BC99: =AE99-AVERAGE(AE$92:AE$121)+Sheet2!F$19 -> 14.950561 | BD99: =AF99-AVERAGE(AF$92:AF$121)+Sheet2!G$19 -> 16.213729 | BE99: =AG99-AVERAGE(AG$92:AG$121)+Sheet2!H$19 -> 34.651733 | BF99: =AH99-AVERAGE(AH$92:AH$121)+Sheet2!I$19 -> 12.654201 | BG99: =AI99-AVERAGE(AI$92:AI$121)+Sheet2!J$19 -> 26.846935 | ... BW99: =AY99-AVERAGE(AY$92:AY$121)+Sheet2!Z$19 -> 7.5091946 | BZ99: =BA99-AVERAGE(AH$92:AH$121)+Sheet2!AB$19 -> 15.862297 | CA99: =BB99-AVERAGE(AI$92:AI$121)+Sheet2!AC$19 -> 16.218667 | CB99: =BC99-AVERAGE(AJ$92:AJ$121)+Sheet2!AD$19 -> 12.237806 | CC99: =BD99-AVERAGE(AK$92:AK$121)+Sheet2!AE$19 -> 13.771862
B100: 99 | C100: 4 | D100: =RAND() -> 0.99563529 | E100: =RAND() -> 0.4109842 | F100: =RAND() -> 0.61979694 | G100: =RAND() -> 0.81416319 | H100: =RAND() -> 0.39851145 | I100: =RAND() -> 0.77355629 | J100: =RAND() -> 0.24932386 | K100: =RAND() -> 0.79926803 | ... AA100: =RAND() -> 0.1507664 | AB100: =D100*Sheet2!C$20/_xlfn.STDEV.S(D$92:D$121) -> 3.5952098 | AC100: =E100*Sheet2!D$20/_xlfn.STDEV.S(E$92:E$121) -> 6.2480913 | AD100: =F100*Sheet2!E$20/_xlfn.STDEV.S(F$92:F$121) -> 3.2574048 | AE100: =G100*Sheet2!F$20/_xlfn.STDEV.S(G$92:G$121) -> 6.1610365 | AF100: =H100*Sheet2!G$20/_xlfn.STDEV.S(H$92:H$121) -> 4.1277773 | AG100: =I100*Sheet2!H$20/_xlfn.STDEV.S(I$92:I$121) -> 14.875576 | AH100: =J100*Sheet2!I$20/_xlfn.STDEV.S(J$92:J$121) -> 0.5902649 | AI100: =K100*Sheet2!J$20/_xlfn.STDEV.S(K$92:K$121) -> 5.1412843 | ... AY100: =AA100*Sheet2!Z$20/_xlfn.STDEV.S(AA$92:AA$121) -> 0.32968051 | AZ100: =AB100-AVERAGE(AB$92:AB$121)+Sheet2!C$19 -> 5.7738859 | BA100: =AC100-AVERAGE(AC$92:AC$121)+Sheet2!D$19 -> 8.3001753 | BB100: =AD100-AVERAGE(AD$92:AD$121)+Sheet2!E$19 -> 22.756912 | BC100: =AE100-AVERAGE(AE$92:AE$121)+Sheet2!F$19 -> 18.941552 | BD100: =AF100-AVERAGE(AF$92:AF$121)+Sheet2!G$19 -> 17.118049 | BE100: =AG100-AVERAGE(AG$92:AG$121)+Sheet2!H$19 -> 34.145439 | BF100: =AH100-AVERAGE(AH$92:AH$121)+Sheet2!I$19 -> 11.373832 | BG100: =AI100-AVERAGE(AI$92:AI$121)+Sheet2!J$19 -> 26.506262 | ... BW100: =AY100-AVERAGE(AY$92:AY$121)+Sheet2!Z$19 -> 6.3691411 | BZ100: =BA100-AVERAGE(AH$92:AH$121)+Sheet2!AB$19 -> 7.2245879 | CA100: =BB100-AVERAGE(AI$92:AI$121)+Sheet2!AC$19 -> 19.132282 | CB100: =BC100-AVERAGE(AJ$92:AJ$121)+Sheet2!AD$19 -> 16.228797 | CC100: =BD100-AVERAGE(AK$92:AK$121)+Sheet2!AE$19 -> 14.676182
B101: 100 | C101: 4 | D101: =RAND() -> 0.19017123 | E101: =RAND() -> 0.71713756 | F101: =RAND() -> 0.054741454 | G101: =RAND() -> 0.40486204 | H101: =RAND() -> 0.56841478 | I101: =RAND() -> 0.76912545 | J101: =RAND() -> 0.45569569 | K101: =RAND() -> 0.41482643 | ... AA101: =RAND() -> 0.056639254 | AB101: =D101*Sheet2!C$20/_xlfn.STDEV.S(D$92:D$121) -> 0.68670271 | AC101: =E101*Sheet2!D$20/_xlfn.STDEV.S(E$92:E$121) -> 10.902465 | AD101: =F101*Sheet2!E$20/_xlfn.STDEV.S(F$92:F$121) -> 0.28769918 | AE101: =G101*Sheet2!F$20/_xlfn.STDEV.S(G$92:G$121) -> 3.0637222 | AF101: =H101*Sheet2!G$20/_xlfn.STDEV.S(H$92:H$121) -> 5.8876342 | AG101: =I101*Sheet2!H$20/_xlfn.STDEV.S(I$92:I$121) -> 14.790371 | AH101: =J101*Sheet2!I$20/_xlfn.STDEV.S(J$92:J$121) -> 1.0788425 | AI101: =K101*Sheet2!J$20/_xlfn.STDEV.S(K$92:K$121) -> 2.6683672 | ... AY101: =AA101*Sheet2!Z$20/_xlfn.STDEV.S(AA$92:AA$121) -> 0.12385292 | AZ101: =AB101-AVERAGE(AB$92:AB$121)+Sheet2!C$19 -> 2.8653789 | BA101: =AC101-AVERAGE(AC$92:AC$121)+Sheet2!D$19 -> 12.954549 | BB101: =AD101-AVERAGE(AD$92:AD$121)+Sheet2!E$19 -> 19.787207 | BC101: =AE101-AVERAGE(AE$92:AE$121)+Sheet2!F$19 -> 15.844238 | BD101: =AF101-AVERAGE(AF$92:AF$121)+Sheet2!G$19 -> 18.877906 | BE101: =AG101-AVERAGE(AG$92:AG$121)+Sheet2!H$19 -> 34.060233 | BF101: =AH101-AVERAGE(AH$92:AH$121)+Sheet2!I$19 -> 11.86241 | BG101: =AI101-AVERAGE(AI$92:AI$121)+Sheet2!J$19 -> 24.033345 | ... BW101: =AY101-AVERAGE(AY$92:AY$121)+Sheet2!Z$19 -> 6.1633135 | BZ101: =BA101-AVERAGE(AH$92:AH$121)+Sheet2!AB$19 -> 11.878962 | CA101: =BB101-AVERAGE(AI$92:AI$121)+Sheet2!AC$19 -> 16.162576 | CB101: =BC101-AVERAGE(AJ$92:AJ$121)+Sheet2!AD$19 -> 13.131483 | CC101: =BD101-AVERAGE(AK$92:AK$121)+Sheet2!AE$19 -> 16.436039
B102: 101 | C102: 4 | D102: =RAND() -> 0.027806425 | E102: =RAND() -> 0.38697741 | F102: =RAND() -> 0.23081725 | G102: =RAND() -> 0.72482314 | H102: =RAND() -> 0.45142249 | I102: =RAND() -> 0.99855197 | J102: =RAND() -> 0.27053637 | K102: =RAND() -> 0.60353831 | ... AA102: =RAND() -> 0.98782983 | AB102: =D102*Sheet2!C$20/_xlfn.STDEV.S(D$92:D$121) -> 0.10040818 | AC102: =E102*Sheet2!D$20/_xlfn.STDEV.S(E$92:E$121) -> 5.8831221 | AD102: =F102*Sheet2!E$20/_xlfn.STDEV.S(F$92:F$121) -> 1.2130831 | AE102: =G102*Sheet2!F$20/_xlfn.STDEV.S(G$92:G$121) -> 5.4849714 | AF102: =H102*Sheet2!G$20/_xlfn.STDEV.S(H$92:H$121) -> 4.6758293 | AG102: =I102*Sheet2!H$20/_xlfn.STDEV.S(I$92:I$121) -> 19.202269 | AH102: =J102*Sheet2!I$20/_xlfn.STDEV.S(J$92:J$121) -> 0.64048473 | AI102: =K102*Sheet2!J$20/_xlfn.STDEV.S(K$92:K$121) -> 3.8822547 | ... AY102: =AA102*Sheet2!Z$20/_xlfn.STDEV.S(AA$92:AA$121) -> 2.1600851 | AZ102: =AB102-AVERAGE(AB$92:AB$121)+Sheet2!C$19 -> 2.2790843 | BA102: =AC102-AVERAGE(AC$92:AC$121)+Sheet2!D$19 -> 7.9352061 | BB102: =AD102-AVERAGE(AD$92:AD$121)+Sheet2!E$19 -> 20.712591 | BC102: =AE102-AVERAGE(AE$92:AE$121)+Sheet2!F$19 -> 18.265487 | BD102: =AF102-AVERAGE(AF$92:AF$121)+Sheet2!G$19 -> 17.666101 | BE102: =AG102-AVERAGE(AG$92:AG$121)+Sheet2!H$19 -> 38.472132 | BF102: =AH102-AVERAGE(AH$92:AH$121)+Sheet2!I$19 -> 11.424052 | BG102: =AI102-AVERAGE(AI$92:AI$121)+Sheet2!J$19 -> 25.247232 | ... BW102: =AY102-AVERAGE(AY$92:AY$121)+Sheet2!Z$19 -> 8.1995457 | BZ102: =BA102-AVERAGE(AH$92:AH$121)+Sheet2!AB$19 -> 6.8596186 | CA102: =BB102-AVERAGE(AI$92:AI$121)+Sheet2!AC$19 -> 17.08796 | CB102: =BC102-AVERAGE(AJ$92:AJ$121)+Sheet2!AD$19 -> 15.552732 | CC102: =BD102-AVERAGE(AK$92:AK$121)+Sheet2!AE$19 -> 15.224234
B103: 102 | C103: 4 | D103: =RAND() -> 0.012314612 | E103: =RAND() -> 0.20423394 | F103: =RAND() -> 0.7598342 | G103: =RAND() -> 0.73286557 | H103: =RAND() -> 0.090792656 | I103: =RAND() -> 0.27460818 | J103: =RAND() -> 0.17596793 | K103: =RAND() -> 0.47675916 | ... AA103: =RAND() -> 0.96120245 | AB103: =D103*Sheet2!C$20/_xlfn.STDEV.S(D$92:D$121) -> 0.044467703 | AC103: =E103*Sheet2!D$20/_xlfn.STDEV.S(E$92:E$121) -> 3.1049182 | AD103: =F103*Sheet2!E$20/_xlfn.STDEV.S(F$92:F$121) -> 3.9933846 | AE103: =G103*Sheet2!F$20/_xlfn.STDEV.S(G$92:G$121) -> 5.5458311 | AF103: =H103*Sheet2!G$20/_xlfn.STDEV.S(H$92:H$121) -> 0.94042935 | AG103: =I103*Sheet2!H$20/_xlfn.STDEV.S(I$92:I$121) -> 5.2807469 | AH103: =J103*Sheet2!I$20/_xlfn.STDEV.S(J$92:J$121) -> 0.4165975 | AI103: =K103*Sheet2!J$20/_xlfn.STDEV.S(K$92:K$121) -> 3.066749 | ... AY103: =AA103*Sheet2!Z$20/_xlfn.STDEV.S(AA$92:AA$121) -> 2.1018591 | AZ103: =AB103-AVERAGE(AB$92:AB$121)+Sheet2!C$19 -> 2.2231439 | BA103: =AC103-AVERAGE(AC$92:AC$121)+Sheet2!D$19 -> 5.1570022 | BB103: =AD103-AVERAGE(AD$92:AD$121)+Sheet2!E$19 -> 23.492892 | BC103: =AE103-AVERAGE(AE$92:AE$121)+Sheet2!F$19 -> 18.326347 | BD103: =AF103-AVERAGE(AF$92:AF$121)+Sheet2!G$19 -> 13.930701 | BE103: =AG103-AVERAGE(AG$92:AG$121)+Sheet2!H$19 -> 24.550609 | BF103: =AH103-AVERAGE(AH$92:AH$121)+Sheet2!I$19 -> 11.200165 | BG103: =AI103-AVERAGE(AI$92:AI$121)+Sheet2!J$19 -> 24.431726 | ... BW103: =AY103-AVERAGE(AY$92:AY$121)+Sheet2!Z$19 -> 8.1413197 | BZ103: =BA103-AVERAGE(AH$92:AH$121)+Sheet2!AB$19 -> 4.0814147 | CA103: =BB103-AVERAGE(AI$92:AI$121)+Sheet2!AC$19 -> 19.868262 | CB103: =BC103-AVERAGE(AJ$92:AJ$121)+Sheet2!AD$19 -> 15.613592 | CC103: =BD103-AVERAGE(AK$92:AK$121)+Sheet2!AE$19 -> 11.488834
... B121: 120 | C121: 4 | D121: =RAND() -> 0.45739213 | E121: =RAND() -> 0.25511215 | F121: =RAND() -> 0.029902347 | G121: =RAND() -> 0.028424853 | H121: =RAND() -> 0.18945862 | I121: =RAND() -> 0.54917948 | J121: =RAND() -> 0.10141276 | K121: =RAND() -> 0.55119916 | ... AA121: =RAND() -> 0.46761456 | AB121: =D121*Sheet2!C$20/_xlfn.STDEV.S(D$92:D$121) -> 1.6516295 | AC121: =E121*Sheet2!D$20/_xlfn.STDEV.S(E$92:E$121) -> 3.8784071 | AD121: =F121*Sheet2!E$20/_xlfn.STDEV.S(F$92:F$121) -> 0.15715478 | AE121: =G121*Sheet2!F$20/_xlfn.STDEV.S(G$92:G$121) -> 0.21510006 | AF121: =H121*Sheet2!G$20/_xlfn.STDEV.S(H$92:H$121) -> 1.9624104 | AG121: =I121*Sheet2!H$20/_xlfn.STDEV.S(I$92:I$121) -> 10.560785 | AH121: =J121*Sheet2!I$20/_xlfn.STDEV.S(J$92:J$121) -> 0.24009092 | AI121: =K121*Sheet2!J$20/_xlfn.STDEV.S(K$92:K$121) -> 3.5455835 | ... AY121: =AA121*Sheet2!Z$20/_xlfn.STDEV.S(AA$92:AA$121) -> 1.0225316 | AZ121: =AB121-AVERAGE(AB$92:AB$121)+Sheet2!C$19 -> 3.8303057 | BA121: =AC121-AVERAGE(AC$92:AC$121)+Sheet2!D$19 -> 5.9304911 | BB121: =AD121-AVERAGE(AD$92:AD$121)+Sheet2!E$19 -> 19.656662 | BC121: =AE121-AVERAGE(AE$92:AE$121)+Sheet2!F$19 -> 12.995616 | BD121: =AF121-AVERAGE(AF$92:AF$121)+Sheet2!G$19 -> 14.952682 | BE121: =AG121-AVERAGE(AG$92:AG$121)+Sheet2!H$19 -> 29.830647 | BF121: =AH121-AVERAGE(AH$92:AH$121)+Sheet2!I$19 -> 11.023658 | BG121: =AI121-AVERAGE(AI$92:AI$121)+Sheet2!J$19 -> 24.910561 | ... BW121: =AY121-AVERAGE(AY$92:AY$121)+Sheet2!Z$19 -> 7.0619922 | BZ121: =BA121-AVERAGE(AH$92:AH$121)+Sheet2!AB$19 -> 4.8549037 | CA121: =BB121-AVERAGE(AI$92:AI$121)+Sheet2!AC$19 -> 16.032032 | CB121: =BC121-AVERAGE(AJ$92:AJ$121)+Sheet2!AD$19 -> 10.282861 | CC121: =BD121-AVERAGE(AK$92:AK$121)+Sheet2!AE$19 -> 12.510815
B122: 121 | C122: 5 | D122: =RAND() -> 0.25541635 | E122: =RAND() -> 0.27795647 | F122: =RAND() -> 0.74264911 | G122: =RAND() -> 0.68979275 | H122: =RAND() -> 0.47157422 | I122: =RAND() -> 0.28742684 | J122: =RAND() -> 0.51507907 | K122: =RAND() -> 0.53660182 | ... AA122: =RAND() -> 0.24380159 | AB122: =D122*Sheet2!C$22/_xlfn.STDEV.S(D$122:D$151) -> 0.85320067 | AC122: =E122*Sheet2!D$22/_xlfn.STDEV.S(E$122:E$151) -> 1.1490826 | AD122: =F122*Sheet2!E$22/_xlfn.STDEV.S(F$122:F$151) -> 6.2471653 | AE122: =G122*Sheet2!F$22/_xlfn.STDEV.S(G$122:G$151) -> 8.6944061 | AF122: =H122*Sheet2!G$22/_xlfn.STDEV.S(H$122:H$151) -> 14.817401 | AG122: =I122*Sheet2!H$22/_xlfn.STDEV.S(I$122:I$151) -> 5.421717 | AH122: =J122*Sheet2!I$22/_xlfn.STDEV.S(J$122:J$151) -> 0.82028917 | AI122: =K122*Sheet2!J$22/_xlfn.STDEV.S(K$122:K$151) -> 2.5838656 | ... AY122: =AA122*Sheet2!Z$22/_xlfn.STDEV.S(AA$122:AA$151) -> 0.44830896 | AZ122: =AB122-AVERAGE(AB$122:AB$151)+Sheet2!C$21 -> 4.3331676 | BA122: =AC122-AVERAGE(AC$122:AC$151)+Sheet2!D$21 -> 6.3373955 | BB122: =AD122-AVERAGE(AD$122:AD$151)+Sheet2!E$21 -> 24.718025 | BC122: =AE122-AVERAGE(AE$122:AE$151)+Sheet2!F$21 -> 5.9786107 | BD122: =AF122-AVERAGE(AF$122:AF$151)+Sheet2!G$21 -> 40.074753 | BE122: =AG122-AVERAGE(AG$122:AG$151)+Sheet2!H$21 -> 18.399245 | BF122: =AH122-AVERAGE(AH$122:AH$151)+Sheet2!I$21 -> 9.9842045 | BG122: =AI122-AVERAGE(AI$122:AI$151)+Sheet2!J$21 -> 28.682746 | ... BW122: =AY122-AVERAGE(AY$122:AY$151)+Sheet2!Z$21 -> 10.157026 | BZ122: =BA122-AVERAGE(AH$122:AH$151)+Sheet2!AB$21 -> 5.5559399 | CA122: =BB122-AVERAGE(AI$122:AI$151)+Sheet2!AC$21 -> 22.097242 | CB122: =BC122-AVERAGE(AJ$122:AJ$151)+Sheet2!AD$21 -> 4.1915125 | CC122: =BD122-AVERAGE(AK$122:AK$151)+Sheet2!AE$21 -> 36.71357
B123: 122 | C123: 5 | D123: =RAND() -> 0.5740714 | E123: =RAND() -> 0.70932605 | F123: =RAND() -> 0.28736462 | G123: =RAND() -> 0.68063676 | H123: =RAND() -> 0.38058402 | I123: =RAND() -> 0.58768593 | J123: =RAND() -> 0.67059139 | K123: =RAND() -> 0.44403768 | ... AA123: =RAND() -> 0.83724294 | AB123: =D123*Sheet2!C$22/_xlfn.STDEV.S(D$122:D$151) -> 1.9176459 | AC123: =E123*Sheet2!D$22/_xlfn.STDEV.S(E$122:E$151) -> 2.9323807 | AD123: =F123*Sheet2!E$22/_xlfn.STDEV.S(F$122:F$151) -> 2.4173115 | AE123: =G123*Sheet2!F$22/_xlfn.STDEV.S(G$122:G$151) -> 8.5790006 | AF123: =H123*Sheet2!G$22/_xlfn.STDEV.S(H$122:H$151) -> 11.958385 | AG123: =I123*Sheet2!H$22/_xlfn.STDEV.S(I$122:I$151) -> 11.085488 | AH123: =J123*Sheet2!I$22/_xlfn.STDEV.S(J$122:J$151) -> 1.0679503 | AI123: =K123*Sheet2!J$22/_xlfn.STDEV.S(K$122:K$151) -> 2.1381473 | ... AY123: =AA123*Sheet2!Z$22/_xlfn.STDEV.S(AA$122:AA$151) -> 1.539545 | AZ123: =AB123-AVERAGE(AB$122:AB$151)+Sheet2!C$21 -> 5.3976128 | BA123: =AC123-AVERAGE(AC$122:AC$151)+Sheet2!D$21 -> 8.1206937 | BB123: =AD123-AVERAGE(AD$122:AD$151)+Sheet2!E$21 -> 20.888171 | BC123: =AE123-AVERAGE(AE$122:AE$151)+Sheet2!F$21 -> 5.8632052 | BD123: =AF123-AVERAGE(AF$122:AF$151)+Sheet2!G$21 -> 37.215737 | BE123: =AG123-AVERAGE(AG$122:AG$151)+Sheet2!H$21 -> 24.063016 | BF123: =AH123-AVERAGE(AH$122:AH$151)+Sheet2!I$21 -> 10.231866 | BG123: =AI123-AVERAGE(AI$122:AI$151)+Sheet2!J$21 -> 28.237027 | ... BW123: =AY123-AVERAGE(AY$122:AY$151)+Sheet2!Z$21 -> 11.248262 | BZ123: =BA123-AVERAGE(AH$122:AH$151)+Sheet2!AB$21 -> 7.339238 | CA123: =BB123-AVERAGE(AI$122:AI$151)+Sheet2!AC$21 -> 18.267388 | CB123: =BC123-AVERAGE(AJ$122:AJ$151)+Sheet2!AD$21 -> 4.076107 | CC123: =BD123-AVERAGE(AK$122:AK$151)+Sheet2!AE$21 -> 33.854554
B124: 123 | C124: 5 | D124: =RAND() -> 0.15131359 | E124: =RAND() -> 0.95068656 | F124: =RAND() -> 0.89956601 | G124: =RAND() -> 0.19473349 | H124: =RAND() -> 0.5903243 | I124: =RAND() -> 0.47911658 | J124: =RAND() -> 0.71531251 | K124: =RAND() -> 0.92780485 | ... AA124: =RAND() -> 0.90036569 | AB124: =D124*Sheet2!C$22/_xlfn.STDEV.S(D$122:D$151) -> 0.50545259 | AC124: =E124*Sheet2!D$22/_xlfn.STDEV.S(E$122:E$151) -> 3.9301741 | AD124: =F124*Sheet2!E$22/_xlfn.STDEV.S(F$122:F$151) -> 7.5671505 | AE124: =G124*Sheet2!F$22/_xlfn.STDEV.S(G$122:G$151) -> 2.4544938 | AF124: =H124*Sheet2!G$22/_xlfn.STDEV.S(H$122:H$151) -> 18.548664 | AG124: =I124*Sheet2!H$22/_xlfn.STDEV.S(I$122:I$151) -> 9.0375502 | AH124: =J124*Sheet2!I$22/_xlfn.STDEV.S(J$122:J$151) -> 1.1391709 | AI124: =K124*Sheet2!J$22/_xlfn.STDEV.S(K$122:K$151) -> 4.4676015 | ... AY124: =AA124*Sheet2!Z$22/_xlfn.STDEV.S(AA$122:AA$151) -> 1.6556168 | AZ124: =AB124-AVERAGE(AB$122:AB$151)+Sheet2!C$21 -> 3.9854196 | BA124: =AC124-AVERAGE(AC$122:AC$151)+Sheet2!D$21 -> 9.1184871 | BB124: =AD124-AVERAGE(AD$122:AD$151)+Sheet2!E$21 -> 26.03801 | BC124: =AE124-AVERAGE(AE$122:AE$151)+Sheet2!F$21 -> -0.26130166 | BD124: =AF124-AVERAGE(AF$122:AF$151)+Sheet2!G$21 -> 43.806017 | BE124: =AG124-AVERAGE(AG$122:AG$151)+Sheet2!H$21 -> 22.015078 | BF124: =AH124-AVERAGE(AH$122:AH$151)+Sheet2!I$21 -> 10.303086 | BG124: =AI124-AVERAGE(AI$122:AI$151)+Sheet2!J$21 -> 30.566481 | ... BW124: =AY124-AVERAGE(AY$122:AY$151)+Sheet2!Z$21 -> 11.364334 | BZ124: =BA124-AVERAGE(AH$122:AH$151)+Sheet2!AB$21 -> 8.3370315 | CA124: =BB124-AVERAGE(AI$122:AI$151)+Sheet2!AC$21 -> 23.417227 | CB124: =BC124-AVERAGE(AJ$122:AJ$151)+Sheet2!AD$21 -> -2.0483998 | CC124: =BD124-AVERAGE(AK$122:AK$151)+Sheet2!AE$21 -> 40.444833
B125: 124 | C125: 5 | D125: =RAND() -> 0.39343315 | E125: =RAND() -> 0.11238741 | F125: =RAND() -> 0.23913223 | G125: =RAND() -> 0.96341202 | H125: =RAND() -> 0.24296024 | I125: =RAND() -> 0.19650758 | J125: =RAND() -> 0.28026359 | K125: =RAND() -> 0.41005651 | ... AA125: =RAND() -> 0.25184056 | AB125: =D125*Sheet2!C$22/_xlfn.STDEV.S(D$122:D$151) -> 1.3142362 | AC125: =E125*Sheet2!D$22/_xlfn.STDEV.S(E$122:E$151) -> 0.4646138 | AD125: =F125*Sheet2!E$22/_xlfn.STDEV.S(F$122:F$151) -> 2.0115806 | AE125: =G125*Sheet2!F$22/_xlfn.STDEV.S(G$122:G$151) -> 12.143206 | AF125: =H125*Sheet2!G$22/_xlfn.STDEV.S(H$122:H$151) -> 7.6340885 | AG125: =I125*Sheet2!H$22/_xlfn.STDEV.S(I$122:I$151) -> 3.7067119 | AH125: =J125*Sheet2!I$22/_xlfn.STDEV.S(J$122:J$151) -> 0.44633377 | AI125: =K125*Sheet2!J$22/_xlfn.STDEV.S(K$122:K$151) -> 1.9745198 | ... AY125: =AA125*Sheet2!Z$22/_xlfn.STDEV.S(AA$122:AA$151) -> 0.46309124 | AZ125: =AB125-AVERAGE(AB$122:AB$151)+Sheet2!C$21 -> 4.7942032 | BA125: =AC125-AVERAGE(AC$122:AC$151)+Sheet2!D$21 -> 5.6529268 | BB125: =AD125-AVERAGE(AD$122:AD$151)+Sheet2!E$21 -> 20.482441 | BC125: =AE125-AVERAGE(AE$122:AE$151)+Sheet2!F$21 -> 9.4274105 | BD125: =AF125-AVERAGE(AF$122:AF$151)+Sheet2!G$21 -> 32.891441 | BE125: =AG125-AVERAGE(AG$122:AG$151)+Sheet2!H$21 -> 16.68424 | BF125: =AH125-AVERAGE(AH$122:AH$151)+Sheet2!I$21 -> 9.6102491 | BG125: =AI125-AVERAGE(AI$122:AI$151)+Sheet2!J$21 -> 28.0734 | ... BW125: =AY125-AVERAGE(AY$122:AY$151)+Sheet2!Z$21 -> 10.171809 | BZ125: =BA125-AVERAGE(AH$122:AH$151)+Sheet2!AB$21 -> 4.8714711 | CA125: =BB125-AVERAGE(AI$122:AI$151)+Sheet2!AC$21 -> 17.861657 | CB125: =BC125-AVERAGE(AJ$122:AJ$151)+Sheet2!AD$21 -> 7.6403123 | CC125: =BD125-AVERAGE(AK$122:AK$151)+Sheet2!AE$21 -> 29.530257
B126: 125 | C126: 5 | D126: =RAND() -> 0.12651155 | E126: =RAND() -> 0.73118004 | F126: =RAND() -> 0.66702788 | G126: =RAND() -> 0.10910233 | H126: =RAND() -> 0.58179201 | I126: =RAND() -> 0.12948752 | J126: =RAND() -> 0.61137902 | K126: =RAND() -> 0.34509756 | ... AA126: =RAND() -> 0.57395751 | AB126: =D126*Sheet2!C$22/_xlfn.STDEV.S(D$122:D$151) -> 0.4226031 | AC126: =E126*Sheet2!D$22/_xlfn.STDEV.S(E$122:E$151) -> 3.0227259 | AD126: =F126*Sheet2!E$22/_xlfn.STDEV.S(F$122:F$151) -> 5.6110394 | AE126: =G126*Sheet2!F$22/_xlfn.STDEV.S(G$122:G$151) -> 1.3751666 | AF126: =H126*Sheet2!G$22/_xlfn.STDEV.S(H$122:H$151) -> 18.28057 | AG126: =I126*Sheet2!H$22/_xlfn.STDEV.S(I$122:I$151) -> 2.4425162 | AH126: =J126*Sheet2!I$22/_xlfn.STDEV.S(J$122:J$151) -> 0.97365166 | AI126: =K126*Sheet2!J$22/_xlfn.STDEV.S(K$122:K$151) -> 1.661727 | ... AY126: =AA126*Sheet2!Z$22/_xlfn.STDEV.S(AA$122:AA$151) -> 1.0554086 | AZ126: =AB126-AVERAGE(AB$122:AB$151)+Sheet2!C$21 -> 3.9025701 | BA126: =AC126-AVERAGE(AC$122:AC$151)+Sheet2!D$21 -> 8.2110389 | BB126: =AD126-AVERAGE(AD$122:AD$151)+Sheet2!E$21 -> 24.081899 | BC126: =AE126-AVERAGE(AE$122:AE$151)+Sheet2!F$21 -> -1.3406288 | BD126: =AF126-AVERAGE(AF$122:AF$151)+Sheet2!G$21 -> 43.537922 | BE126: =AG126-AVERAGE(AG$122:AG$151)+Sheet2!H$21 -> 15.420044 | BF126: =AH126-AVERAGE(AH$122:AH$151)+Sheet2!I$21 -> 10.137567 | BG126: =AI126-AVERAGE(AI$122:AI$151)+Sheet2!J$21 -> 27.760607 | ... BW126: =AY126-AVERAGE(AY$122:AY$151)+Sheet2!Z$21 -> 10.764126 | BZ126: =BA126-AVERAGE(AH$122:AH$151)+Sheet2!AB$21 -> 7.4295832 | CA126: =BB126-AVERAGE(AI$122:AI$151)+Sheet2!AC$21 -> 21.461116 | CB126: =BC126-AVERAGE(AJ$122:AJ$151)+Sheet2!AD$21 -> -3.127727 | CC126: =BD126-AVERAGE(AK$122:AK$151)+Sheet2!AE$21 -> 40.176739
B127: 126 | C127: 5 | D127: =RAND() -> 0.79761838 | E127: =RAND() -> 0.67496776 | F127: =RAND() -> 0.17011403 | G127: =RAND() -> 0.0013408545 | H127: =RAND() -> 0.66159756 | I127: =RAND() -> 0.7434771 | J127: =RAND() -> 0.92221505 | K127: =RAND() -> 0.63659428 | ... AA127: =RAND() -> 0.40833694 | AB127: =D127*Sheet2!C$22/_xlfn.STDEV.S(D$122:D$151) -> 2.6643891 | AC127: =E127*Sheet2!D$22/_xlfn.STDEV.S(E$122:E$151) -> 2.7903422 | AD127: =F127*Sheet2!E$22/_xlfn.STDEV.S(F$122:F$151) -> 1.4309994 | AE127: =G127*Sheet2!F$22/_xlfn.STDEV.S(G$122:G$151) -> 0.016900633 | AF127: =H127*Sheet2!G$22/_xlfn.STDEV.S(H$122:H$151) -> 20.788152 | AG127: =I127*Sheet2!H$22/_xlfn.STDEV.S(I$122:I$151) -> 14.024169 | AH127: =J127*Sheet2!I$22/_xlfn.STDEV.S(J$122:J$151) -> 1.4686736 | AI127: =K127*Sheet2!J$22/_xlfn.STDEV.S(K$122:K$151) -> 3.0653532 | ... AY127: =AA127*Sheet2!Z$22/_xlfn.STDEV.S(AA$122:AA$151) -> 0.75086102 | AZ127: =AB127-AVERAGE(AB$122:AB$151)+Sheet2!C$21 -> 6.1443561 | BA127: =AC127-AVERAGE(AC$122:AC$151)+Sheet2!D$21 -> 7.9786552 | BB127: =AD127-AVERAGE(AD$122:AD$151)+Sheet2!E$21 -> 19.901859 | BC127: =AE127-AVERAGE(AE$122:AE$151)+Sheet2!F$21 -> -2.6988948 | BD127: =AF127-AVERAGE(AF$122:AF$151)+Sheet2!G$21 -> 46.045504 | BE127: =AG127-AVERAGE(AG$122:AG$151)+Sheet2!H$21 -> 27.001696 | BF127: =AH127-AVERAGE(AH$122:AH$151)+Sheet2!I$21 -> 10.632589 | BG127: =AI127-AVERAGE(AI$122:AI$151)+Sheet2!J$21 -> 29.164233 | ... BW127: =AY127-AVERAGE(AY$122:AY$151)+Sheet2!Z$21 -> 10.459578 | BZ127: =BA127-AVERAGE(AH$122:AH$151)+Sheet2!AB$21 -> 7.1971995 | CA127: =BB127-AVERAGE(AI$122:AI$151)+Sheet2!AC$21 -> 17.281076 | CB127: =BC127-AVERAGE(AJ$122:AJ$151)+Sheet2!AD$21 -> -4.485993 | CC127: =BD127-AVERAGE(AK$122:AK$151)+Sheet2!AE$21 -> 42.684321
B128: 127 | C128: 5 | D128: =RAND() -> 0.54533724 | E128: =RAND() -> 0.84451407 | F128: =RAND() -> 0.30212867 | G128: =RAND() -> 0.65179995 | H128: =RAND() -> 0.58120976 | I128: =RAND() -> 0.68990555 | J128: =RAND() -> 0.54343558 | K128: =RAND() -> 0.43716424 | ... AA128: =RAND() -> 0.080734561 | AB128: =D128*Sheet2!C$22/_xlfn.STDEV.S(D$122:D$151) -> 1.8216614 | AC128: =E128*Sheet2!D$22/_xlfn.STDEV.S(E$122:E$151) -> 3.4912531 | AD128: =F128*Sheet2!E$22/_xlfn.STDEV.S(F$122:F$151) -> 2.5415068 | AE128: =G128*Sheet2!F$22/_xlfn.STDEV.S(G$122:G$151) -> 8.2155307 | AF128: =H128*Sheet2!G$22/_xlfn.STDEV.S(H$122:H$151) -> 18.262275 | AG128: =I128*Sheet2!H$22/_xlfn.STDEV.S(I$122:I$151) -> 13.013651 | AH128: =J128*Sheet2!I$22/_xlfn.STDEV.S(J$122:J$151) -> 0.86544833 | AI128: =K128*Sheet2!J$22/_xlfn.STDEV.S(K$122:K$151) -> 2.10505 | ... AY128: =AA128*Sheet2!Z$22/_xlfn.STDEV.S(AA$122:AA$151) -> 0.1484569 | AZ128: =AB128-AVERAGE(AB$122:AB$151)+Sheet2!C$21 -> 5.3016283 | BA128: =AC128-AVERAGE(AC$122:AC$151)+Sheet2!D$21 -> 8.679566 | BB128: =AD128-AVERAGE(AD$122:AD$151)+Sheet2!E$21 -> 21.012367 | BC128: =AE128-AVERAGE(AE$122:AE$151)+Sheet2!F$21 -> 5.4997353 | BD128: =AF128-AVERAGE(AF$122:AF$151)+Sheet2!G$21 -> 43.519627 | BE128: =AG128-AVERAGE(AG$122:AG$151)+Sheet2!H$21 -> 25.991179 | BF128: =AH128-AVERAGE(AH$122:AH$151)+Sheet2!I$21 -> 10.029364 | BG128: =AI128-AVERAGE(AI$122:AI$151)+Sheet2!J$21 -> 28.20393 | ... BW128: =AY128-AVERAGE(AY$122:AY$151)+Sheet2!Z$21 -> 9.8571743 | BZ128: =BA128-AVERAGE(AH$122:AH$151)+Sheet2!AB$21 -> 7.8981104 | CA128: =BB128-AVERAGE(AI$122:AI$151)+Sheet2!AC$21 -> 18.391583 | CB128: =BC128-AVERAGE(AJ$122:AJ$151)+Sheet2!AD$21 -> 3.7126371 | CC128: =BD128-AVERAGE(AK$122:AK$151)+Sheet2!AE$21 -> 40.158444
B129: 128 | C129: 5 | D129: =RAND() -> 0.006412469 | E129: =RAND() -> 0.69489773 | F129: =RAND() -> 0.079290793 | G129: =RAND() -> 0.29097347 | H129: =RAND() -> 0.016132426 | I129: =RAND() -> 0.13766276 | J129: =RAND() -> 0.089993264 | K129: =RAND() -> 0.54745607 | ... AA129: =RAND() -> 0.76673296 | AB129: =D129*Sheet2!C$22/_xlfn.STDEV.S(D$122:D$151) -> 0.02142041 | AC129: =E129*Sheet2!D$22/_xlfn.STDEV.S(E$122:E$151) -> 2.8727335 | AD129: =F129*Sheet2!E$22/_xlfn.STDEV.S(F$122:F$151) -> 0.66699426 | AE129: =G129*Sheet2!F$22/_xlfn.STDEV.S(G$122:G$151) -> 3.6675386 | AF129: =H129*Sheet2!G$22/_xlfn.STDEV.S(H$122:H$151) -> 0.50689926 | AG129: =I129*Sheet2!H$22/_xlfn.STDEV.S(I$122:I$151) -> 2.5967253 | AH129: =J129*Sheet2!I$22/_xlfn.STDEV.S(J$122:J$151) -> 0.14331877 | AI129: =K129*Sheet2!J$22/_xlfn.STDEV.S(K$122:K$151) -> 2.6361315 | ... AY129: =AA129*Sheet2!Z$22/_xlfn.STDEV.S(AA$122:AA$151) -> 1.4098893 | AZ129: =AB129-AVERAGE(AB$122:AB$151)+Sheet2!C$21 -> 3.5013874 | BA129: =AC129-AVERAGE(AC$122:AC$151)+Sheet2!D$21 -> 8.0610464 | BB129: =AD129-AVERAGE(AD$122:AD$151)+Sheet2!E$21 -> 19.137854 | BC129: =AE129-AVERAGE(AE$122:AE$151)+Sheet2!F$21 -> 0.9517431 | BD129: =AF129-AVERAGE(AF$122:AF$151)+Sheet2!G$21 -> 25.764251 | BE129: =AG129-AVERAGE(AG$122:AG$151)+Sheet2!H$21 -> 15.574253 | BF129: =AH129-AVERAGE(AH$122:AH$151)+Sheet2!I$21 -> 9.3072341 | BG129: =AI129-AVERAGE(AI$122:AI$151)+Sheet2!J$21 -> 28.735011 | ... BW129: =AY129-AVERAGE(AY$122:AY$151)+Sheet2!Z$21 -> 11.118607 | BZ129: =BA129-AVERAGE(AH$122:AH$151)+Sheet2!AB$21 -> 7.2795908 | CA129: =BB129-AVERAGE(AI$122:AI$151)+Sheet2!AC$21 -> 16.517071 | CB129: =BC129-AVERAGE(AJ$122:AJ$151)+Sheet2!AD$21 -> -0.83535506 | CC129: =BD129-AVERAGE(AK$122:AK$151)+Sheet2!AE$21 -> 22.403068
B130: 129 | C130: 5 | D130: =RAND() -> 0.85425812 | E130: =RAND() -> 0.88134632 | F130: =RAND() -> 0.42699238 | G130: =RAND() -> 0.66417524 | H130: =RAND() -> 0.54039743 | I130: =RAND() -> 0.4329033 | J130: =RAND() -> 0.05831581 | K130: =RAND() -> 0.067897786 | ... AA130: =RAND() -> 0.20078912 | AB130: =D130*Sheet2!C$22/_xlfn.STDEV.S(D$122:D$151) -> 2.8535902 | AC130: =E130*Sheet2!D$22/_xlfn.STDEV.S(E$122:E$151) -> 3.643519 | AD130: =F130*Sheet2!E$22/_xlfn.STDEV.S(F$122:F$151) -> 3.5918605 | AE130: =G130*Sheet2!F$22/_xlfn.STDEV.S(G$122:G$151) -> 8.3715135 | AF130: =H130*Sheet2!G$22/_xlfn.STDEV.S(H$122:H$151) -> 16.979905 | AG130: =I130*Sheet2!H$22/_xlfn.STDEV.S(I$122:I$151) -> 8.1658316 | AH130: =J130*Sheet2!I$22/_xlfn.STDEV.S(J$122:J$151) -> 0.092870843 | AI130: =K130*Sheet2!J$22/_xlfn.STDEV.S(K$122:K$151) -> 0.32694402 | ... AY130: =AA130*Sheet2!Z$22/_xlfn.STDEV.S(AA$122:AA$151) -> 0.36921648 | AZ130: =AB130-AVERAGE(AB$122:AB$151)+Sheet2!C$21 -> 6.3335572 | BA130: =AC130-AVERAGE(AC$122:AC$151)+Sheet2!D$21 -> 8.8318319 | BB130: =AD130-AVERAGE(AD$122:AD$151)+Sheet2!E$21 -> 22.06272 | BC130: =AE130-AVERAGE(AE$122:AE$151)+Sheet2!F$21 -> 5.655718 | BD130: =AF130-AVERAGE(AF$122:AF$151)+Sheet2!G$21 -> 42.237257 | BE130: =AG130-AVERAGE(AG$122:AG$151)+Sheet2!H$21 -> 21.143359 | BF130: =AH130-AVERAGE(AH$122:AH$151)+Sheet2!I$21 -> 9.2567862 | BG130: =AI130-AVERAGE(AI$122:AI$151)+Sheet2!J$21 -> 26.425824 | ... BW130: =AY130-AVERAGE(AY$122:AY$151)+Sheet2!Z$21 -> 10.077934 | BZ130: =BA130-AVERAGE(AH$122:AH$151)+Sheet2!AB$21 -> 8.0503763 | CA130: =BB130-AVERAGE(AI$122:AI$151)+Sheet2!AC$21 -> 19.441937 | CB130: =BC130-AVERAGE(AJ$122:AJ$151)+Sheet2!AD$21 -> 3.8686199 | CC130: =BD130-AVERAGE(AK$122:AK$151)+Sheet2!AE$21 -> 38.876074
B131: 130 | C131: 5 | D131: =RAND() -> 0.6270949 | E131: =RAND() -> 0.345992 | F131: =RAND() -> 0.0094952222 | G131: =RAND() -> 0.18044137 | H131: =RAND() -> 0.65637465 | I131: =RAND() -> 0.78891937 | J131: =RAND() -> 0.79062456 | K131: =RAND() -> 0.9369255 | ... AA131: =RAND() -> 0.93135094 | AB131: =D131*Sheet2!C$22/_xlfn.STDEV.S(D$122:D$151) -> 2.0947672 | AC131: =E131*Sheet2!D$22/_xlfn.STDEV.S(E$122:E$151) -> 1.430344 | AD131: =F131*Sheet2!E$22/_xlfn.STDEV.S(F$122:F$151) -> 0.079873822 | AE131: =G131*Sheet2!F$22/_xlfn.STDEV.S(G$122:G$151) -> 2.2743506 | AF131: =H131*Sheet2!G$22/_xlfn.STDEV.S(H$122:H$151) -> 20.624042 | AG131: =I131*Sheet2!H$22/_xlfn.STDEV.S(I$122:I$151) -> 14.881344 | AH131: =J131*Sheet2!I$22/_xlfn.STDEV.S(J$122:J$151) -> 1.2591091 | AI131: =K131*Sheet2!J$22/_xlfn.STDEV.S(K$122:K$151) -> 4.5115196 | ... AY131: =AA131*Sheet2!Z$22/_xlfn.STDEV.S(AA$122:AA$151) -> 1.7125933 | AZ131: =AB131-AVERAGE(AB$122:AB$151)+Sheet2!C$21 -> 5.5747342 | BA131: =AC131-AVERAGE(AC$122:AC$151)+Sheet2!D$21 -> 6.6186569 | BB131: =AD131-AVERAGE(AD$122:AD$151)+Sheet2!E$21 -> 18.550734 | BC131: =AE131-AVERAGE(AE$122:AE$151)+Sheet2!F$21 -> -0.44144482 | BD131: =AF131-AVERAGE(AF$122:AF$151)+Sheet2!G$21 -> 45.881394 | BE131: =AG131-AVERAGE(AG$122:AG$151)+Sheet2!H$21 -> 27.858871 | BF131: =AH131-AVERAGE(AH$122:AH$151)+Sheet2!I$21 -> 10.423024 | BG131: =AI131-AVERAGE(AI$122:AI$151)+Sheet2!J$21 -> 30.610399 | ... BW131: =AY131-AVERAGE(AY$122:AY$151)+Sheet2!Z$21 -> 11.421311 | BZ131: =BA131-AVERAGE(AH$122:AH$151)+Sheet2!AB$21 -> 5.8372013 | CA131: =BB131-AVERAGE(AI$122:AI$151)+Sheet2!AC$21 -> 15.92995 | CB131: =BC131-AVERAGE(AJ$122:AJ$151)+Sheet2!AD$21 -> -2.228543 | CC131: =BD131-AVERAGE(AK$122:AK$151)+Sheet2!AE$21 -> 42.520211
B132: 131 | C132: 5 | D132: =RAND() -> 0.76335675 | E132: =RAND() -> 0.77978506 | F132: =RAND() -> 0.35639248 | G132: =RAND() -> 0.67678057 | H132: =RAND() -> 0.17775177 | I132: =RAND() -> 0.57374611 | J132: =RAND() -> 0.71160306 | K132: =RAND() -> 0.48108845 | ... AA132: =RAND() -> 0.76691448 | AB132: =D132*Sheet2!C$22/_xlfn.STDEV.S(D$122:D$151) -> 2.5499405 | AC132: =E132*Sheet2!D$22/_xlfn.STDEV.S(E$122:E$151) -> 3.2236609 | AD132: =F132*Sheet2!E$22/_xlfn.STDEV.S(F$122:F$151) -> 2.997974 | AE132: =G132*Sheet2!F$22/_xlfn.STDEV.S(G$122:G$151) -> 8.5303958 | AF132: =H132*Sheet2!G$22/_xlfn.STDEV.S(H$122:H$151) -> 5.5851637 | AG132: =I132*Sheet2!H$22/_xlfn.STDEV.S(I$122:I$151) -> 10.822542 | AH132: =J132*Sheet2!I$22/_xlfn.STDEV.S(J$122:J$151) -> 1.1332634 | AI132: =K132*Sheet2!J$22/_xlfn.STDEV.S(K$122:K$151) -> 2.3165555 | ... AY132: =AA132*Sheet2!Z$22/_xlfn.STDEV.S(AA$122:AA$151) -> 1.4102231 | AZ132: =AB132-AVERAGE(AB$122:AB$151)+Sheet2!C$21 -> 6.0299075 | BA132: =AC132-AVERAGE(AC$122:AC$151)+Sheet2!D$21 -> 8.4119739 | BB132: =AD132-AVERAGE(AD$122:AD$151)+Sheet2!E$21 -> 21.468834 | BC132: =AE132-AVERAGE(AE$122:AE$151)+Sheet2!F$21 -> 5.8146003 | BD132: =AF132-AVERAGE(AF$122:AF$151)+Sheet2!G$21 -> 30.842516 | BE132: =AG132-AVERAGE(AG$122:AG$151)+Sheet2!H$21 -> 23.80007 | BF132: =AH132-AVERAGE(AH$122:AH$151)+Sheet2!I$21 -> 10.297179 | BG132: =AI132-AVERAGE(AI$122:AI$151)+Sheet2!J$21 -> 28.415435 | ... BW132: =AY132-AVERAGE(AY$122:AY$151)+Sheet2!Z$21 -> 11.11894 | BZ132: =BA132-AVERAGE(AH$122:AH$151)+Sheet2!AB$21 -> 7.6305182 | CA132: =BB132-AVERAGE(AI$122:AI$151)+Sheet2!AC$21 -> 18.848051 | CB132: =BC132-AVERAGE(AJ$122:AJ$151)+Sheet2!AD$21 -> 4.0275022 | CC132: =BD132-AVERAGE(AK$122:AK$151)+Sheet2!AE$21 -> 27.481333
B133: 132 | C133: 5 | D133: =RAND() -> 0.28654972 | E133: =RAND() -> 0.65888448 | F133: =RAND() -> 0.99511258 | G133: =RAND() -> 0.91795526 | H133: =RAND() -> 0.35234127 | I133: =RAND() -> 0.59551542 | J133: =RAND() -> 0.73373523 | K133: =RAND() -> 0.97599174 | ... AA133: =RAND() -> 0.7504657 | AB133: =D133*Sheet2!C$22/_xlfn.STDEV.S(D$122:D$151) -> 0.95719955 | AC133: =E133*Sheet2!D$22/_xlfn.STDEV.S(E$122:E$151) -> 2.7238533 | AD133: =F133*Sheet2!E$22/_xlfn.STDEV.S(F$122:F$151) -> 8.3708883 | AE133: =G133*Sheet2!F$22/_xlfn.STDEV.S(G$122:G$151) -> 11.570252 | AF133: =H133*Sheet2!G$22/_xlfn.STDEV.S(H$122:H$151) -> 11.070965 | AG133: =I133*Sheet2!H$22/_xlfn.STDEV.S(I$122:I$151) -> 11.233175 | AH133: =J133*Sheet2!I$22/_xlfn.STDEV.S(J$122:J$151) -> 1.16851 | AI133: =K133*Sheet2!J$22/_xlfn.STDEV.S(K$122:K$151) -> 4.6996328 | ... AY133: =AA133*Sheet2!Z$22/_xlfn.STDEV.S(AA$122:AA$151) -> 1.3799766 | AZ133: =AB133-AVERAGE(AB$122:AB$151)+Sheet2!C$21 -> 4.4371665 | BA133: =AC133-AVERAGE(AC$122:AC$151)+Sheet2!D$21 -> 7.9121663 | BB133: =AD133-AVERAGE(AD$122:AD$151)+Sheet2!E$21 -> 26.841748 | BC133: =AE133-AVERAGE(AE$122:AE$151)+Sheet2!F$21 -> 8.8544565 | BD133: =AF133-AVERAGE(AF$122:AF$151)+Sheet2!G$21 -> 36.328317 | BE133: =AG133-AVERAGE(AG$122:AG$151)+Sheet2!H$21 -> 24.210703 | BF133: =AH133-AVERAGE(AH$122:AH$151)+Sheet2!I$21 -> 10.332425 | BG133: =AI133-AVERAGE(AI$122:AI$151)+Sheet2!J$21 -> 30.798513 | ... BW133: =AY133-AVERAGE(AY$122:AY$151)+Sheet2!Z$21 -> 11.088694 | BZ133: =BA133-AVERAGE(AH$122:AH$151)+Sheet2!AB$21 -> 7.1307106 | CA133: =BB133-AVERAGE(AI$122:AI$151)+Sheet2!AC$21 -> 24.220965 | CB133: =BC133-AVERAGE(AJ$122:AJ$151)+Sheet2!AD$21 -> 7.0673583 | CC133: =BD133-AVERAGE(AK$122:AK$151)+Sheet2!AE$21 -> 32.967134
... B151: 150 | C151: 5 | D151: =RAND() -> 0.58183514 | E151: =RAND() -> 0.98486299 | F151: =RAND() -> 0.69301753 | G151: =RAND() -> 0.43640639 | H151: =RAND() -> 0.80125557 | I151: =RAND() -> 0.47590381 | J151: =RAND() -> 0.065955774 | K151: =RAND() -> 0.59493569 | ... AA151: =RAND() -> 0.071343634 | AB151: =D151*Sheet2!C$22/_xlfn.STDEV.S(D$122:D$151) -> 1.9435801 | AC151: =E151*Sheet2!D$22/_xlfn.STDEV.S(E$122:E$151) -> 4.0714608 | AD151: =F151*Sheet2!E$22/_xlfn.STDEV.S(F$122:F$151) -> 5.8296643 | AE151: =G151*Sheet2!F$22/_xlfn.STDEV.S(G$122:G$151) -> 5.5006296 | AF151: =H151*Sheet2!G$22/_xlfn.STDEV.S(H$122:H$151) -> 25.176366 | AG151: =I151*Sheet2!H$22/_xlfn.STDEV.S(I$122:I$151) -> 8.9769479 | AH151: =J151*Sheet2!I$22/_xlfn.STDEV.S(J$122:J$151) -> 0.10503787 | AI151: =K151*Sheet2!J$22/_xlfn.STDEV.S(K$122:K$151) -> 2.8647572 | ... AY151: =AA151*Sheet2!Z$22/_xlfn.STDEV.S(AA$122:AA$151) -> 0.13118861 | AZ151: =AB151-AVERAGE(AB$122:AB$151)+Sheet2!C$21 -> 5.4235471 | BA151: =AC151-AVERAGE(AC$122:AC$151)+Sheet2!D$21 -> 9.2597738 | BB151: =AD151-AVERAGE(AD$122:AD$151)+Sheet2!E$21 -> 24.300524 | BC151: =AE151-AVERAGE(AE$122:AE$151)+Sheet2!F$21 -> 2.7848341 | BD151: =AF151-AVERAGE(AF$122:AF$151)+Sheet2!G$21 -> 50.433718 | BE151: =AG151-AVERAGE(AG$122:AG$151)+Sheet2!H$21 -> 21.954476 | BF151: =AH151-AVERAGE(AH$122:AH$151)+Sheet2!I$21 -> 9.2689532 | BG151: =AI151-AVERAGE(AI$122:AI$151)+Sheet2!J$21 -> 28.963637 | ... BW151: =AY151-AVERAGE(AY$122:AY$151)+Sheet2!Z$21 -> 9.839906 | BZ151: =BA151-AVERAGE(AH$122:AH$151)+Sheet2!AB$21 -> 8.4783181 | CA151: =BB151-AVERAGE(AI$122:AI$151)+Sheet2!AC$21 -> 21.679741 | CB151: =BC151-AVERAGE(AJ$122:AJ$151)+Sheet2!AD$21 -> 0.99773595 | CC151: =BD151-AVERAGE(AK$122:AK$151)+Sheet2!AE$21 -> 47.072535

Sheet RNG HERE
A1: 1012 cm−1 | B1: 1022 cm−1 | C1: 1033 cm−1 | D1: 1050 cm−1 | E1: 1064 cm−1 | F1: 1081 cm−1 | G1: 1203 cm−1 | H1: 1234 cm−1 | I1: 1243 cm−1 | J1: 1260 cm−1 | K1: 1284 cm−1 | L1: 1346 cm−1 | M1: 1375 cm−1 | N1: 1390 cm−1 | O1: 1405 cm−1 | P1: 1424 cm−1 | Q1: 1440 cm−1 | R1: 1452 cm−1 | S1: 1465 cm−1 | T1: Alpha-like helix | U1: Beta-sheets | V1: Beta-turns | W1: Triple helix | X1: Unordered | Y1: 1012 cm−1 | Z1: 1022 cm−1 | AA1: 1033 cm−1 | AB1: 1050 cm−1 | AC1: 1064 cm−1 | AD1: 1081 cm−1 | AE1: 1203 cm−1 | AF1: 1234 cm−1 | AG1: 1243 cm−1 | AH1: 1260 cm−1 | AI1: 1284 cm−1 | AJ1: 1346 cm−1 | AK1: 1375 cm−1 | AL1: 1390 cm−1 | AM1: 1405 cm−1 | AN1: 1424 cm−1 | AO1: 1440 cm−1 | AP1: 1452 cm−1 | AQ1: 1465 cm−1 | AR1: Alpha-like helix | AS1: Beta-sheets | AT1: Beta-turns | AU1: Triple helix | AV1: Unordered | AX1: 1012 cm−1 | AY1: 1022 cm−1 | AZ1: 1033 cm−1 | BA1: 1050 cm−1 | BB1: 1064 cm−1 | BC1: 1081 cm−1 | BD1: 1203 cm−1 | BE1: 1234 cm−1 | BF1: 1243 cm−1 | BG1: 1260 cm−1 | BH1: 1284 cm−1 | BI1: 1346 cm−1 | BJ1: 1375 cm−1 | BK1: 1390 cm−1 | BL1: 1405 cm−1 | BM1: 1424 cm−1 | BN1: 1440 cm−1 | BO1: 1452 cm−1 | BP1: 1465 cm−1 | BQ1: Alpha-like helix | BR1: Beta-sheets | BS1: Beta-turns | BT1: Triple helix | BU1: Unordered
A2: {=[1]!UNIFORM_INV(RAND(),Sheet2!C$13-SQRT(3)*Sheet2!C$14,Sheet2!C$13+SQRT(3)*Sheet2!C$14)} -> 4.0650905 | B2: {=[1]!UNIFORM_INV(RAND(),Sheet2!D$13-SQRT(3)*Sheet2!D$14,Sheet2!D$13+SQRT(3)*Sheet2!D$14)} -> 9.546167 | C2: {=[1]!UNIFORM_INV(RAND(),Sheet2!E$13-SQRT(3)*Sheet2!E$14,Sheet2!E$13+SQRT(3)*Sheet2!E$14)} -> 20.193348 | D2: {=[1]!UNIFORM_INV(RAND(),Sheet2!F$13-SQRT(3)*Sheet2!F$14,Sheet2!F$13+SQRT(3)*Sheet2!F$14)} -> 21.170883 | E2: {=[1]!UNIFORM_INV(RAND(),Sheet2!G$13-SQRT(3)*Sheet2!G$14,Sheet2!G$13+SQRT(3)*Sheet2!G$14)} -> 17.031071 | F2: {=[1]!UNIFORM_INV(RAND(),Sheet2!H$13-SQRT(3)*Sheet2!H$14,Sheet2!H$13+SQRT(3)*Sheet2!H$14)} -> 24.59493 | G2: {=[1]!UNIFORM_INV(RAND(),Sheet2!I$13-SQRT(3)*Sheet2!I$14,Sheet2!I$13+SQRT(3)*Sheet2!I$14)} -> 11.283135 | H2: {=[1]!UNIFORM_INV(RAND(),Sheet2!J$13-SQRT(3)*Sheet2!J$14,Sheet2!J$13+SQRT(3)*Sheet2!J$14)} -> 20.314384 | ... W2: {=[1]!UNIFORM_INV(RAND(),Sheet2!Y$13-SQRT(3)*Sheet2!Y$14,Sheet2!Y$13+SQRT(3)*Sheet2!Y$14)} -> 20.389723 | X2: {=F2UNIFORM_INV(RAND(),Sheet2!Z$13-SQRT(3)*Sheet2!Z$14,Sheet2!Z$13+SQRT(3)*Sheet2!Z$14)} -> #NAME? | Y2: =AVERAGE(A2:A31) -> 3.2303905 | Z2: =AVERAGE(B2:B31) -> 6.9753455 | AA2: =AVERAGE(C2:C31) -> 18.457477 | AB2: =AVERAGE(D2:D31) -> 21.122323 | AC2: =AVERAGE(E2:E31) -> 19.36577 | AD2: =AVERAGE(F2:F31) -> 28.299666 | AE2: =AVERAGE(G2:G31) -> 11.933001 | AF2: =AVERAGE(H2:H31) -> 19.88559 | ... AV2: =AVERAGE(X2:X31) -> #NAME? | AX2: =Sheet2!C$13+('RNG HERE'!A2-'RNG HERE'!Y$2)*Sheet2!C$14/'RNG HERE'!Y$3 -> 4.0185369 | AY2: =Sheet2!D$13+('RNG HERE'!B2-'RNG HERE'!Z$2)*Sheet2!D$14/'RNG HERE'!Z$3 -> 9.3643421 | AZ2: =Sheet2!E$13+('RNG HERE'!C2-'RNG HERE'!AA$2)*Sheet2!E$14/'RNG HERE'!AA$3 -> 20.615035 | BA2: =Sheet2!F$13+('RNG HERE'!D2-'RNG HERE'!AB$2)*Sheet2!F$14/'RNG HERE'!AB$3 -> 21.355592 | BB2: =Sheet2!G$13+('RNG HERE'!E2-'RNG HERE'!AC$2)*Sheet2!G$14/'RNG HERE'!AC$3 -> 16.994361 | BC2: =Sheet2!H$13+('RNG HERE'!F2-'RNG HERE'!AD$2)*Sheet2!H$14/'RNG HERE'!AD$3 -> 24.953999 | BD2: =Sheet2!I$13+('RNG HERE'!G2-'RNG HERE'!AE$2)*Sheet2!I$14/'RNG HERE'!AE$3 -> 11.389787 | BE2: =Sheet2!J$13+('RNG HERE'!H2-'RNG HERE'!AF$2)*Sheet2!J$14/'RNG HERE'!AF$3 -> 20.266921 | ... BU2: =Sheet2!Z$13+('RNG HERE'!X2-'RNG HERE'!AV$2)*Sheet2!Z$14/'RNG HERE'!AV$3 -> #NAME? | BV2: =AVERAGE(AX2:AX31) -> 3.2 | BW2: =AVERAGE(AY2:AY31) -> 6.8 | BX2: =AVERAGE(AZ2:AZ31) -> 18.7 | BY2: =AVERAGE(BA2:BA31) -> 21.3 | BZ2: =AVERAGE(BB2:BB31) -> 19.4 | CA2: =AVERAGE(BC2:BC31) -> 28.8 | CB2: =AVERAGE(BD2:BD31) -> 12 | CC2: =AVERAGE(BE2:BE31) -> 19.8 | ... CS2: =AVERAGE(BU2:BU31) -> #NAME?
A3: {=[1]!UNIFORM_INV(RAND(),Sheet2!C$13-SQRT(3)*Sheet2!C$14,Sheet2!C$13+SQRT(3)*Sheet2!C$14)} -> 3.8121926 | B3: {=[1]!UNIFORM_INV(RAND(),Sheet2!D$13-SQRT(3)*Sheet2!D$14,Sheet2!D$13+SQRT(3)*Sheet2!D$14)} -> 4.8628457 | C3: {=[1]!UNIFORM_INV(RAND(),Sheet2!E$13-SQRT(3)*Sheet2!E$14,Sheet2!E$13+SQRT(3)*Sheet2!E$14)} -> 16.692079 | D3: {=[1]!UNIFORM_INV(RAND(),Sheet2!F$13-SQRT(3)*Sheet2!F$14,Sheet2!F$13+SQRT(3)*Sheet2!F$14)} -> 22.701368 | E3: {=[1]!UNIFORM_INV(RAND(),Sheet2!G$13-SQRT(3)*Sheet2!G$14,Sheet2!G$13+SQRT(3)*Sheet2!G$14)} -> 21.251343 | F3: {=[1]!UNIFORM_INV(RAND(),Sheet2!H$13-SQRT(3)*Sheet2!H$14,Sheet2!H$13+SQRT(3)*Sheet2!H$14)} -> 33.02238 | G3: {=[1]!UNIFORM_INV(RAND(),Sheet2!I$13-SQRT(3)*Sheet2!I$14,Sheet2!I$13+SQRT(3)*Sheet2!I$14)} -> 11.530852 | H3: {=[1]!UNIFORM_INV(RAND(),Sheet2!J$13-SQRT(3)*Sheet2!J$14,Sheet2!J$13+SQRT(3)*Sheet2!J$14)} -> 21.104799 | ... X3: {=[1]!UNIFORM_INV(RAND(),Sheet2!Z$13-SQRT(3)*Sheet2!Z$14,Sheet2!Z$13+SQRT(3)*Sheet2!Z$14)} -> 8.9678793 | Y3: =_xlfn.STDEV.S(A2:A31) -> 0.50987316 | Z3: =_xlfn.STDEV.S(B2:B31) -> 1.8045482 | AA3: =_xlfn.STDEV.S(C2:C31) -> 1.1783766 | AB3: =_xlfn.STDEV.S(D2:D31) -> 1.8343759 | AC3: =_xlfn.STDEV.S(E2:E31) -> 1.7469196 | AD3: =_xlfn.STDEV.S(F2:F31) -> 2.4081739 | AE3: =_xlfn.STDEV.S(G2:G31) -> 0.74548814 | AF3: =_xlfn.STDEV.S(H2:H31) -> 0.73467398 | ... AV3: =_xlfn.STDEV.S(X2:X31) -> #NAME? | AX3: =Sheet2!C$13+('RNG HERE'!A3-'RNG HERE'!Y$2)*Sheet2!C$14/'RNG HERE'!Y$3 -> 3.7705361 | AY3: =Sheet2!D$13+('RNG HERE'!B3-'RNG HERE'!Z$2)*Sheet2!D$14/'RNG HERE'!Z$3 -> 4.6928245 | AZ3: =Sheet2!E$13+('RNG HERE'!C3-'RNG HERE'!AA$2)*Sheet2!E$14/'RNG HERE'!AA$3 -> 16.752391 | BA3: =Sheet2!F$13+('RNG HERE'!D3-'RNG HERE'!AB$2)*Sheet2!F$14/'RNG HERE'!AB$3 -> 23.107696 | BB3: =Sheet2!G$13+('RNG HERE'!E3-'RNG HERE'!AC$2)*Sheet2!G$14/'RNG HERE'!AC$3 -> 21.342867 | BC3: =Sheet2!H$13+('RNG HERE'!F3-'RNG HERE'!AD$2)*Sheet2!H$14/'RNG HERE'!AD$3 -> 33.702795 | BD3: =Sheet2!I$13+('RNG HERE'!G3-'RNG HERE'!AE$2)*Sheet2!I$14/'RNG HERE'!AE$3 -> 11.622389 | BE3: =Sheet2!J$13+('RNG HERE'!H3-'RNG HERE'!AF$2)*Sheet2!J$14/'RNG HERE'!AF$3 -> 21.127619 | ... BU3: =Sheet2!Z$13+('RNG HERE'!X3-'RNG HERE'!AV$2)*Sheet2!Z$14/'RNG HERE'!AV$3 -> #NAME? | BV3: =_xlfn.STDEV.S(AX2:AX31) -> 0.5 | BW3: =_xlfn.STDEV.S(AY2:AY31) -> 1.8 | BX3: =_xlfn.STDEV.S(AZ2:AZ31) -> 1.3 | BY3: =_xlfn.STDEV.S(BA2:BA31) -> 2.1 | BZ3: =_xlfn.STDEV.S(BB2:BB31) -> 1.8 | CA3: =_xlfn.STDEV.S(BC2:BC31) -> 2.5 | CB3: =_xlfn.STDEV.S(BD2:BD31) -> 0.7 | CC3: =_xlfn.STDEV.S(BE2:BE31) -> 0.8 | ... CS3: =_xlfn.STDEV.S(BU2:BU31) -> #NAME?
A4: {=[1]!UNIFORM_INV(RAND(),Sheet2!C$13-SQRT(3)*Sheet2!C$14,Sheet2!C$13+SQRT(3)*Sheet2!C$14)} -> 3.1010117 | B4: {=[1]!UNIFORM_INV(RAND(),Sheet2!D$13-SQRT(3)*Sheet2!D$14,Sheet2!D$13+SQRT(3)*Sheet2!D$14)} -> 8.0320046 | C4: {=[1]!UNIFORM_INV(RAND(),Sheet2!E$13-SQRT(3)*Sheet2!E$14,Sheet2!E$13+SQRT(3)*Sheet2!E$14)} -> 18.336856 | D4: {=[1]!UNIFORM_INV(RAND(),Sheet2!F$13-SQRT(3)*Sheet2!F$14,Sheet2!F$13+SQRT(3)*Sheet2!F$14)} -> 20.06664 | E4: {=[1]!UNIFORM_INV(RAND(),Sheet2!G$13-SQRT(3)*Sheet2!G$14,Sheet2!G$13+SQRT(3)*Sheet2!G$14)} -> 17.025203 | F4: {=[1]!UNIFORM_INV(RAND(),Sheet2!H$13-SQRT(3)*Sheet2!H$14,Sheet2!H$13+SQRT(3)*Sheet2!H$14)} -> 26.045725 | G4: {=[1]!UNIFORM_INV(RAND(),Sheet2!I$13-SQRT(3)*Sheet2!I$14,Sheet2!I$13+SQRT(3)*Sheet2!I$14)} -> 11.113195 | H4: {=[1]!UNIFORM_INV(RAND(),Sheet2!J$13-SQRT(3)*Sheet2!J$14,Sheet2!J$13+SQRT(3)*Sheet2!J$14)} -> 18.472531 | ... X4: {=[1]!UNIFORM_INV(RAND(),Sheet2!Z$13-SQRT(3)*Sheet2!Z$14,Sheet2!Z$13+SQRT(3)*Sheet2!Z$14)} -> 7.5614889 | AX4: =Sheet2!C$13+('RNG HERE'!A4-'RNG HERE'!Y$2)*Sheet2!C$14/'RNG HERE'!Y$3 -> 3.0731265 | AY4: =Sheet2!D$13+('RNG HERE'!B4-'RNG HERE'!Z$2)*Sheet2!D$14/'RNG HERE'!Z$3 -> 7.8539959 | AZ4: =Sheet2!E$13+('RNG HERE'!C4-'RNG HERE'!AA$2)*Sheet2!E$14/'RNG HERE'!AA$3 -> 18.56693 | BA4: =Sheet2!F$13+('RNG HERE'!D4-'RNG HERE'!AB$2)*Sheet2!F$14/'RNG HERE'!AB$3 -> 20.09145 | BB4: =Sheet2!G$13+('RNG HERE'!E4-'RNG HERE'!AC$2)*Sheet2!G$14/'RNG HERE'!AC$3 -> 16.988314 | BC4: =Sheet2!H$13+('RNG HERE'!F4-'RNG HERE'!AD$2)*Sheet2!H$14/'RNG HERE'!AD$3 -> 26.460113 | BD4: =Sheet2!I$13+('RNG HERE'!G4-'RNG HERE'!AE$2)*Sheet2!I$14/'RNG HERE'!AE$3 -> 11.230217 | BE4: =Sheet2!J$13+('RNG HERE'!H4-'RNG HERE'!AF$2)*Sheet2!J$14/'RNG HERE'!AF$3 -> 18.261294 | ... BU4: =Sheet2!Z$13+('RNG HERE'!X4-'RNG HERE'!AV$2)*Sheet2!Z$14/'RNG HERE'!AV$3 -> #NAME? | BV4: =BV2-Sheet2!C13 -> 0 | BW4: =BW2-Sheet2!D13 -> 0 | BX4: =BX2-Sheet2!E13 -> 0 | BY4: =BY2-Sheet2!F13 -> 0 | BZ4: =BZ2-Sheet2!G13 -> 0 | CA4: =CA2-Sheet2!H13 -> 0 | CB4: =CB2-Sheet2!I13 -> 0 | CC4: =CC2-Sheet2!J13 -> 0 | ... CS4: =CS2-Sheet2!Z13 -> #NAME?
A5: {=[1]!UNIFORM_INV(RAND(),Sheet2!C$13-SQRT(3)*Sheet2!C$14,Sheet2!C$13+SQRT(3)*Sheet2!C$14)} -> 3.5142818 | B5: {=[1]!UNIFORM_INV(RAND(),Sheet2!D$13-SQRT(3)*Sheet2!D$14,Sheet2!D$13+SQRT(3)*Sheet2!D$14)} -> 5.0026933 | C5: {=[1]!UNIFORM_INV(RAND(),Sheet2!E$13-SQRT(3)*Sheet2!E$14,Sheet2!E$13+SQRT(3)*Sheet2!E$14)} -> 17.256603 | D5: {=[1]!UNIFORM_INV(RAND(),Sheet2!F$13-SQRT(3)*Sheet2!F$14,Sheet2!F$13+SQRT(3)*Sheet2!F$14)} -> 23.873091 | E5: {=[1]!UNIFORM_INV(RAND(),Sheet2!G$13-SQRT(3)*Sheet2!G$14,Sheet2!G$13+SQRT(3)*Sheet2!G$14)} -> 19.893992 | F5: {=[1]!UNIFORM_INV(RAND(),Sheet2!H$13-SQRT(3)*Sheet2!H$14,Sheet2!H$13+SQRT(3)*Sheet2!H$14)} -> 32.166866 | G5: {=[1]!UNIFORM_INV(RAND(),Sheet2!I$13-SQRT(3)*Sheet2!I$14,Sheet2!I$13+SQRT(3)*Sheet2!I$14)} -> 10.891143 | H5: {=[1]!UNIFORM_INV(RAND(),Sheet2!J$13-SQRT(3)*Sheet2!J$14,Sheet2!J$13+SQRT(3)*Sheet2!J$14)} -> 19.304976 | ... X5: {=[1]!UNIFORM_INV(RAND(),Sheet2!Z$13-SQRT(3)*Sheet2!Z$14,Sheet2!Z$13+SQRT(3)*Sheet2!Z$14)} -> 7.9743917 | AX5: =Sheet2!C$13+('RNG HERE'!A5-'RNG HERE'!Y$2)*Sheet2!C$14/'RNG HERE'!Y$3 -> 3.478394 | AY5: =Sheet2!D$13+('RNG HERE'!B5-'RNG HERE'!Z$2)*Sheet2!D$14/'RNG HERE'!Z$3 -> 4.8323197 | AZ5: =Sheet2!E$13+('RNG HERE'!C5-'RNG HERE'!AA$2)*Sheet2!E$14/'RNG HERE'!AA$3 -> 17.375181 | BA5: =Sheet2!F$13+('RNG HERE'!D5-'RNG HERE'!AB$2)*Sheet2!F$14/'RNG HERE'!AB$3 -> 24.449089 | BB5: =Sheet2!G$13+('RNG HERE'!E5-'RNG HERE'!AC$2)*Sheet2!G$14/'RNG HERE'!AC$3 -> 19.944273 | BC5: =Sheet2!H$13+('RNG HERE'!F5-'RNG HERE'!AD$2)*Sheet2!H$14/'RNG HERE'!AD$3 -> 32.81466 | BD5: =Sheet2!I$13+('RNG HERE'!G5-'RNG HERE'!AE$2)*Sheet2!I$14/'RNG HERE'!AE$3 -> 11.021714 | BE5: =Sheet2!J$13+('RNG HERE'!H5-'RNG HERE'!AF$2)*Sheet2!J$14/'RNG HERE'!AF$3 -> 19.167759 | ... BU5: =Sheet2!Z$13+('RNG HERE'!X5-'RNG HERE'!AV$2)*Sheet2!Z$14/'RNG HERE'!AV$3 -> #NAME? | BV5: =BV3-Sheet2!C14 -> 0 | BW5: =BW3-Sheet2!D14 -> 2.4424907e-15 | BX5: =BX3-Sheet2!E14 -> 0 | BY5: =BY3-Sheet2!F14 -> 0 | BZ5: =BZ3-Sheet2!G14 -> 0 | CA5: =CA3-Sheet2!H14 -> 0 | CB5: =CB3-Sheet2!I14 -> 0 | CC5: =CC3-Sheet2!J14 -> 0 | ... CS5: =CS3-Sheet2!Z14 -> #NAME?
A6: {=[1]!UNIFORM_INV(RAND(),Sheet2!C$13-SQRT(3)*Sheet2!C$14,Sheet2!C$13+SQRT(3)*Sheet2!C$14)} -> 3.7737911 | B6: {=[1]!UNIFORM_INV(RAND(),Sheet2!D$13-SQRT(3)*Sheet2!D$14,Sheet2!D$13+SQRT(3)*Sheet2!D$14)} -> 6.3323507 | C6: {=[1]!UNIFORM_INV(RAND(),Sheet2!E$13-SQRT(3)*Sheet2!E$14,Sheet2!E$13+SQRT(3)*Sheet2!E$14)} -> 17.246048 | D6: {=[1]!UNIFORM_INV(RAND(),Sheet2!F$13-SQRT(3)*Sheet2!F$14,Sheet2!F$13+SQRT(3)*Sheet2!F$14)} -> 22.153831 | E6: {=[1]!UNIFORM_INV(RAND(),Sheet2!G$13-SQRT(3)*Sheet2!G$14,Sheet2!G$13+SQRT(3)*Sheet2!G$14)} -> 22.34702 | F6: {=[1]!UNIFORM_INV(RAND(),Sheet2!H$13-SQRT(3)*Sheet2!H$14,Sheet2!H$13+SQRT(3)*Sheet2!H$14)} -> 29.907533 | G6: {=[1]!UNIFORM_INV(RAND(),Sheet2!I$13-SQRT(3)*Sheet2!I$14,Sheet2!I$13+SQRT(3)*Sheet2!I$14)} -> 11.845505 | H6: {=[1]!UNIFORM_INV(RAND(),Sheet2!J$13-SQRT(3)*Sheet2!J$14,Sheet2!J$13+SQRT(3)*Sheet2!J$14)} -> 18.490477 | ... X6: {=[1]!UNIFORM_INV(RAND(),Sheet2!Z$13-SQRT(3)*Sheet2!Z$14,Sheet2!Z$13+SQRT(3)*Sheet2!Z$14)} -> 8.7086671 | AX6: =Sheet2!C$13+('RNG HERE'!A6-'RNG HERE'!Y$2)*Sheet2!C$14/'RNG HERE'!Y$3 -> 3.7328782 | AY6: =Sheet2!D$13+('RNG HERE'!B6-'RNG HERE'!Z$2)*Sheet2!D$14/'RNG HERE'!Z$3 -> 6.1586258 | AZ6: =Sheet2!E$13+('RNG HERE'!C6-'RNG HERE'!AA$2)*Sheet2!E$14/'RNG HERE'!AA$3 -> 17.363537 | BA6: =Sheet2!F$13+('RNG HERE'!D6-'RNG HERE'!AB$2)*Sheet2!F$14/'RNG HERE'!AB$3 -> 22.480874 | BB6: =Sheet2!G$13+('RNG HERE'!E6-'RNG HERE'!AC$2)*Sheet2!G$14/'RNG HERE'!AC$3 -> 22.471836 | BC6: =Sheet2!H$13+('RNG HERE'!F6-'RNG HERE'!AD$2)*Sheet2!H$14/'RNG HERE'!AD$3 -> 30.469176 | BD6: =Sheet2!I$13+('RNG HERE'!G6-'RNG HERE'!AE$2)*Sheet2!I$14/'RNG HERE'!AE$3 -> 11.917843 | BE6: =Sheet2!J$13+('RNG HERE'!H6-'RNG HERE'!AF$2)*Sheet2!J$14/'RNG HERE'!AF$3 -> 18.280836 | ... BU6: =Sheet2!Z$13+('RNG HERE'!X6-'RNG HERE'!AV$2)*Sheet2!Z$14/'RNG HERE'!AV$3 -> #NAME?
A7: {=[1]!UNIFORM_INV(RAND(),Sheet2!C$13-SQRT(3)*Sheet2!C$14,Sheet2!C$13+SQRT(3)*Sheet2!C$14)} -> 2.8235393 | B7: {=[1]!UNIFORM_INV(RAND(),Sheet2!D$13-SQRT(3)*Sheet2!D$14,Sheet2!D$13+SQRT(3)*Sheet2!D$14)} -> 8.5070646 | C7: {=[1]!UNIFORM_INV(RAND(),Sheet2!E$13-SQRT(3)*Sheet2!E$14,Sheet2!E$13+SQRT(3)*Sheet2!E$14)} -> 20.833978 | D7: {=[1]!UNIFORM_INV(RAND(),Sheet2!F$13-SQRT(3)*Sheet2!F$14,Sheet2!F$13+SQRT(3)*Sheet2!F$14)} -> 20.100867 | E7: {=[1]!UNIFORM_INV(RAND(),Sheet2!G$13-SQRT(3)*Sheet2!G$14,Sheet2!G$13+SQRT(3)*Sheet2!G$14)} -> 20.412745 | F7: {=[1]!UNIFORM_INV(RAND(),Sheet2!H$13-SQRT(3)*Sheet2!H$14,Sheet2!H$13+SQRT(3)*Sheet2!H$14)} -> 30.376578 | G7: {=[1]!UNIFORM_INV(RAND(),Sheet2!I$13-SQRT(3)*Sheet2!I$14,Sheet2!I$13+SQRT(3)*Sheet2!I$14)} -> 12.278274 | H7: {=[1]!UNIFORM_INV(RAND(),Sheet2!J$13-SQRT(3)*Sheet2!J$14,Sheet2!J$13+SQRT(3)*Sheet2!J$14)} -> 18.982975 | ... X7: {=[1]!UNIFORM_INV(RAND(),Sheet2!Z$13-SQRT(3)*Sheet2!Z$14,Sheet2!Z$13+SQRT(3)*Sheet2!Z$14)} -> 7.4267227 | AX7: =Sheet2!C$13+('RNG HERE'!A7-'RNG HERE'!Y$2)*Sheet2!C$14/'RNG HERE'!Y$3 -> 2.801027 | AY7: =Sheet2!D$13+('RNG HERE'!B7-'RNG HERE'!Z$2)*Sheet2!D$14/'RNG HERE'!Z$3 -> 8.3278586 | AZ7: =Sheet2!E$13+('RNG HERE'!C7-'RNG HERE'!AA$2)*Sheet2!E$14/'RNG HERE'!AA$3 -> 21.321787 | BA7: =Sheet2!F$13+('RNG HERE'!D7-'RNG HERE'!AB$2)*Sheet2!F$14/'RNG HERE'!AB$3 -> 20.130633 | BB7: =Sheet2!G$13+('RNG HERE'!E7-'RNG HERE'!AC$2)*Sheet2!G$14/'RNG HERE'!AC$3 -> 20.478788 | BC7: =Sheet2!H$13+('RNG HERE'!F7-'RNG HERE'!AD$2)*Sheet2!H$14/'RNG HERE'!AD$3 -> 30.956106 | BD7: =Sheet2!I$13+('RNG HERE'!G7-'RNG HERE'!AE$2)*Sheet2!I$14/'RNG HERE'!AE$3 -> 12.324205 | BE7: =Sheet2!J$13+('RNG HERE'!H7-'RNG HERE'!AF$2)*Sheet2!J$14/'RNG HERE'!AF$3 -> 18.817126 | ... BU7: =Sheet2!Z$13+('RNG HERE'!X7-'RNG HERE'!AV$2)*Sheet2!Z$14/'RNG HERE'!AV$3 -> #NAME?
A8: {=[1]!UNIFORM_INV(RAND(),Sheet2!C$13-SQRT(3)*Sheet2!C$14,Sheet2!C$13+SQRT(3)*Sheet2!C$14)} -> 3.4412241 | B8: {=[1]!UNIFORM_INV(RAND(),Sheet2!D$13-SQRT(3)*Sheet2!D$14,Sheet2!D$13+SQRT(3)*Sheet2!D$14)} -> 5.8602121 | C8: {=[1]!UNIFORM_INV(RAND(),Sheet2!E$13-SQRT(3)*Sheet2!E$14,Sheet2!E$13+SQRT(3)*Sheet2!E$14)} -> 19.355309 | D8: {=[1]!UNIFORM_INV(RAND(),Sheet2!F$13-SQRT(3)*Sheet2!F$14,Sheet2!F$13+SQRT(3)*Sheet2!F$14)} -> 19.910572 | E8: {=[1]!UNIFORM_INV(RAND(),Sheet2!G$13-SQRT(3)*Sheet2!G$14,Sheet2!G$13+SQRT(3)*Sheet2!G$14)} -> 17.269741 | F8: {=[1]!UNIFORM_INV(RAND(),Sheet2!H$13-SQRT(3)*Sheet2!H$14,Sheet2!H$13+SQRT(3)*Sheet2!H$14)} -> 31.67614 | G8: {=[1]!UNIFORM_INV(RAND(),Sheet2!I$13-SQRT(3)*Sheet2!I$14,Sheet2!I$13+SQRT(3)*Sheet2!I$14)} -> 12.612816 | H8: {=[1]!UNIFORM_INV(RAND(),Sheet2!J$13-SQRT(3)*Sheet2!J$14,Sheet2!J$13+SQRT(3)*Sheet2!J$14)} -> 19.563675 | ... X8: {=[1]!UNIFORM_INV(RAND(),Sheet2!Z$13-SQRT(3)*Sheet2!Z$14,Sheet2!Z$13+SQRT(3)*Sheet2!Z$14)} -> 7.6442774 | AX8: =Sheet2!C$13+('RNG HERE'!A8-'RNG HERE'!Y$2)*Sheet2!C$14/'RNG HERE'!Y$3 -> 3.406751 | AY8: =Sheet2!D$13+('RNG HERE'!B8-'RNG HERE'!Z$2)*Sheet2!D$14/'RNG HERE'!Z$3 -> 5.6876772 | AZ8: =Sheet2!E$13+('RNG HERE'!C8-'RNG HERE'!AA$2)*Sheet2!E$14/'RNG HERE'!AA$3 -> 19.6905 | BA8: =Sheet2!F$13+('RNG HERE'!D8-'RNG HERE'!AB$2)*Sheet2!F$14/'RNG HERE'!AB$3 -> 19.912783 | BB8: =Sheet2!G$13+('RNG HERE'!E8-'RNG HERE'!AC$2)*Sheet2!G$14/'RNG HERE'!AC$3 -> 17.240283 | BC8: =Sheet2!H$13+('RNG HERE'!F8-'RNG HERE'!AD$2)*Sheet2!H$14/'RNG HERE'!AD$3 -> 32.305222 | BD8: =Sheet2!I$13+('RNG HERE'!G8-'RNG HERE'!AE$2)*Sheet2!I$14/'RNG HERE'!AE$3 -> 12.638334 | BE8: =Sheet2!J$13+('RNG HERE'!H8-'RNG HERE'!AF$2)*Sheet2!J$14/'RNG HERE'!AF$3 -> 19.449461 | ... BU8: =Sheet2!Z$13+('RNG HERE'!X8-'RNG HERE'!AV$2)*Sheet2!Z$14/'RNG HERE'!AV$3 -> #NAME?
A9: {=[1]!UNIFORM_INV(RAND(),Sheet2!C$13-SQRT(3)*Sheet2!C$14,Sheet2!C$13+SQRT(3)*Sheet2!C$14)} -> 3.9696467 | B9: {=[1]!UNIFORM_INV(RAND(),Sheet2!D$13-SQRT(3)*Sheet2!D$14,Sheet2!D$13+SQRT(3)*Sheet2!D$14)} -> 5.6868985 | C9: {=[1]!UNIFORM_INV(RAND(),Sheet2!E$13-SQRT(3)*Sheet2!E$14,Sheet2!E$13+SQRT(3)*Sheet2!E$14)} -> 17.861159 | D9: {=[1]!UNIFORM_INV(RAND(),Sheet2!F$13-SQRT(3)*Sheet2!F$14,Sheet2!F$13+SQRT(3)*Sheet2!F$14)} -> 22.468813 | E9: {=[1]!UNIFORM_INV(RAND(),Sheet2!G$13-SQRT(3)*Sheet2!G$14,Sheet2!G$13+SQRT(3)*Sheet2!G$14)} -> 17.928125 | F9: {=[1]!UNIFORM_INV(RAND(),Sheet2!H$13-SQRT(3)*Sheet2!H$14,Sheet2!H$13+SQRT(3)*Sheet2!H$14)} -> 27.530619 | G9: {=[1]!UNIFORM_INV(RAND(),Sheet2!I$13-SQRT(3)*Sheet2!I$14,Sheet2!I$13+SQRT(3)*Sheet2!I$14)} -> 13.093438 | H9: {=[1]!UNIFORM_INV(RAND(),Sheet2!J$13-SQRT(3)*Sheet2!J$14,Sheet2!J$13+SQRT(3)*Sheet2!J$14)} -> 18.667861 | ... X9: {=[1]!UNIFORM_INV(RAND(),Sheet2!Z$13-SQRT(3)*Sheet2!Z$14,Sheet2!Z$13+SQRT(3)*Sheet2!Z$14)} -> 8.2504962 | Z9: RED CELLS TO THE LEFT (A1:X151) HAVE UNCORRECTED MEAN/SD | AJ9: COPY ALL GREEN CELLS TO THE RIGHT (AX1:BU151) TO EXPORT RANDOM DATA WITH CORRECTED MEAN/SD | AX9: =Sheet2!C$13+('RNG HERE'!A9-'RNG HERE'!Y$2)*Sheet2!C$14/'RNG HERE'!Y$3 -> 3.9249412 | AY9: =Sheet2!D$13+('RNG HERE'!B9-'RNG HERE'!Z$2)*Sheet2!D$14/'RNG HERE'!Z$3 -> 5.5148004 | AZ9: =Sheet2!E$13+('RNG HERE'!C9-'RNG HERE'!AA$2)*Sheet2!E$14/'RNG HERE'!AA$3 -> 18.042135 | BA9: =Sheet2!F$13+('RNG HERE'!D9-'RNG HERE'!AB$2)*Sheet2!F$14/'RNG HERE'!AB$3 -> 22.841466 | BB9: =Sheet2!G$13+('RNG HERE'!E9-'RNG HERE'!AC$2)*Sheet2!G$14/'RNG HERE'!AC$3 -> 17.918672 | BC9: =Sheet2!H$13+('RNG HERE'!F9-'RNG HERE'!AD$2)*Sheet2!H$14/'RNG HERE'!AD$3 -> 28.001628 | BD9: =Sheet2!I$13+('RNG HERE'!G9-'RNG HERE'!AE$2)*Sheet2!I$14/'RNG HERE'!AE$3 -> 13.08963 | BE9: =Sheet2!J$13+('RNG HERE'!H9-'RNG HERE'!AF$2)*Sheet2!J$14/'RNG HERE'!AF$3 -> 18.473992 | ... BU9: =Sheet2!Z$13+('RNG HERE'!X9-'RNG HERE'!AV$2)*Sheet2!Z$14/'RNG HERE'!AV$3 -> #NAME?
A10: {=[1]!UNIFORM_INV(RAND(),Sheet2!C$13-SQRT(3)*Sheet2!C$14,Sheet2!C$13+SQRT(3)*Sheet2!C$14)} -> 3.6578687 | B10: {=[1]!UNIFORM_INV(RAND(),Sheet2!D$13-SQRT(3)*Sheet2!D$14,Sheet2!D$13+SQRT(3)*Sheet2!D$14)} -> 6.8447614 | C10: {=[1]!UNIFORM_INV(RAND(),Sheet2!E$13-SQRT(3)*Sheet2!E$14,Sheet2!E$13+SQRT(3)*Sheet2!E$14)} -> 18.40147 | D10: {=[1]!UNIFORM_INV(RAND(),Sheet2!F$13-SQRT(3)*Sheet2!F$14,Sheet2!F$13+SQRT(3)*Sheet2!F$14)} -> 23.903989 | E10: {=[1]!UNIFORM_INV(RAND(),Sheet2!G$13-SQRT(3)*Sheet2!G$14,Sheet2!G$13+SQRT(3)*Sheet2!G$14)} -> 21.683087 | F10: {=[1]!UNIFORM_INV(RAND(),Sheet2!H$13-SQRT(3)*Sheet2!H$14,Sheet2!H$13+SQRT(3)*Sheet2!H$14)} -> 28.323439 | G10: {=[1]!UNIFORM_INV(RAND(),Sheet2!I$13-SQRT(3)*Sheet2!I$14,Sheet2!I$13+SQRT(3)*Sheet2!I$14)} -> 11.016189 | H10: {=[1]!UNIFORM_INV(RAND(),Sheet2!J$13-SQRT(3)*Sheet2!J$14,Sheet2!J$13+SQRT(3)*Sheet2!J$14)} -> 20.480167 | ... X10: {=[1]!UNIFORM_INV(RAND(),Sheet2!Z$13-SQRT(3)*Sheet2!Z$14,Sheet2!Z$13+SQRT(3)*Sheet2!Z$14)} -> 8.0804988 | AX10: =Sheet2!C$13+('RNG HERE'!A10-'RNG HERE'!Y$2)*Sheet2!C$14/'RNG HERE'!Y$3 -> 3.6192005 | AY10: =Sheet2!D$13+('RNG HERE'!B10-'RNG HERE'!Z$2)*Sheet2!D$14/'RNG HERE'!Z$3 -> 6.669745 | AZ10: =Sheet2!E$13+('RNG HERE'!C10-'RNG HERE'!AA$2)*Sheet2!E$14/'RNG HERE'!AA$3 -> 18.638213 | BA10: =Sheet2!F$13+('RNG HERE'!D10-'RNG HERE'!AB$2)*Sheet2!F$14/'RNG HERE'!AB$3 -> 24.484461 | BB10: =Sheet2!G$13+('RNG HERE'!E10-'RNG HERE'!AC$2)*Sheet2!G$14/'RNG HERE'!AC$3 -> 21.787729 | BC10: =Sheet2!H$13+('RNG HERE'!F10-'RNG HERE'!AD$2)*Sheet2!H$14/'RNG HERE'!AD$3 -> 28.824679 | BD10: =Sheet2!I$13+('RNG HERE'!G10-'RNG HERE'!AE$2)*Sheet2!I$14/'RNG HERE'!AE$3 -> 11.139129 | BE10: =Sheet2!J$13+('RNG HERE'!H10-'RNG HERE'!AF$2)*Sheet2!J$14/'RNG HERE'!AF$3 -> 20.447445 | ... BU10: =Sheet2!Z$13+('RNG HERE'!X10-'RNG HERE'!AV$2)*Sheet2!Z$14/'RNG HERE'!AV$3 -> #NAME?
A11: {=[1]!UNIFORM_INV(RAND(),Sheet2!C$13-SQRT(3)*Sheet2!C$14,Sheet2!C$13+SQRT(3)*Sheet2!C$14)} -> 3.1727001 | B11: {=[1]!UNIFORM_INV(RAND(),Sheet2!D$13-SQRT(3)*Sheet2!D$14,Sheet2!D$13+SQRT(3)*Sheet2!D$14)} -> 8.706608 | C11: {=[1]!UNIFORM_INV(RAND(),Sheet2!E$13-SQRT(3)*Sheet2!E$14,Sheet2!E$13+SQRT(3)*Sheet2!E$14)} -> 20.037814 | D11: {=[1]!UNIFORM_INV(RAND(),Sheet2!F$13-SQRT(3)*Sheet2!F$14,Sheet2!F$13+SQRT(3)*Sheet2!F$14)} -> 23.198841 | E11: {=[1]!UNIFORM_INV(RAND(),Sheet2!G$13-SQRT(3)*Sheet2!G$14,Sheet2!G$13+SQRT(3)*Sheet2!G$14)} -> 17.223063 | F11: {=[1]!UNIFORM_INV(RAND(),Sheet2!H$13-SQRT(3)*Sheet2!H$14,Sheet2!H$13+SQRT(3)*Sheet2!H$14)} -> 26.919905 | G11: {=[1]!UNIFORM_INV(RAND(),Sheet2!I$13-SQRT(3)*Sheet2!I$14,Sheet2!I$13+SQRT(3)*Sheet2!I$14)} -> 12.695309 | H11: {=[1]!UNIFORM_INV(RAND(),Sheet2!J$13-SQRT(3)*Sheet2!J$14,Sheet2!J$13+SQRT(3)*Sheet2!J$14)} -> 20.402435 | ... X11: {=[1]!UNIFORM_INV(RAND(),Sheet2!Z$13-SQRT(3)*Sheet2!Z$14,Sheet2!Z$13+SQRT(3)*Sheet2!Z$14)} -> 8.7497327 | AX11: =Sheet2!C$13+('RNG HERE'!A11-'RNG HERE'!Y$2)*Sheet2!C$14/'RNG HERE'!Y$3 -> 3.1434267 | AY11: =Sheet2!D$13+('RNG HERE'!B11-'RNG HERE'!Z$2)*Sheet2!D$14/'RNG HERE'!Z$3 -> 8.5268991 | AZ11: =Sheet2!E$13+('RNG HERE'!C11-'RNG HERE'!AA$2)*Sheet2!E$14/'RNG HERE'!AA$3 -> 20.443448 | BA11: =Sheet2!F$13+('RNG HERE'!D11-'RNG HERE'!AB$2)*Sheet2!F$14/'RNG HERE'!AB$3 -> 23.677204 | BB11: =Sheet2!G$13+('RNG HERE'!E11-'RNG HERE'!AC$2)*Sheet2!G$14/'RNG HERE'!AC$3 -> 17.192187 | BC11: =Sheet2!H$13+('RNG HERE'!F11-'RNG HERE'!AD$2)*Sheet2!H$14/'RNG HERE'!AD$3 -> 27.367627 | BD11: =Sheet2!I$13+('RNG HERE'!G11-'RNG HERE'!AE$2)*Sheet2!I$14/'RNG HERE'!AE$3 -> 12.715793 | BE11: =Sheet2!J$13+('RNG HERE'!H11-'RNG HERE'!AF$2)*Sheet2!J$14/'RNG HERE'!AF$3 -> 20.362802 | ... BU11: =Sheet2!Z$13+('RNG HERE'!X11-'RNG HERE'!AV$2)*Sheet2!Z$14/'RNG HERE'!AV$3 -> #NAME?
A12: {=[1]!UNIFORM_INV(RAND(),Sheet2!C$13-SQRT(3)*Sheet2!C$14,Sheet2!C$13+SQRT(3)*Sheet2!C$14)} -> 3.4225851 | B12: {=[1]!UNIFORM_INV(RAND(),Sheet2!D$13-SQRT(3)*Sheet2!D$14,Sheet2!D$13+SQRT(3)*Sheet2!D$14)} -> 3.9752689 | C12: {=[1]!UNIFORM_INV(RAND(),Sheet2!E$13-SQRT(3)*Sheet2!E$14,Sheet2!E$13+SQRT(3)*Sheet2!E$14)} -> 17.229068 | D12: {=[1]!UNIFORM_INV(RAND(),Sheet2!F$13-SQRT(3)*Sheet2!F$14,Sheet2!F$13+SQRT(3)*Sheet2!F$14)} -> 20.277696 | E12: {=[1]!UNIFORM_INV(RAND(),Sheet2!G$13-SQRT(3)*Sheet2!G$14,Sheet2!G$13+SQRT(3)*Sheet2!G$14)} -> 18.780201 | F12: {=[1]!UNIFORM_INV(RAND(),Sheet2!H$13-SQRT(3)*Sheet2!H$14,Sheet2!H$13+SQRT(3)*Sheet2!H$14)} -> 26.681755 | G12: {=[1]!UNIFORM_INV(RAND(),Sheet2!I$13-SQRT(3)*Sheet2!I$14,Sheet2!I$13+SQRT(3)*Sheet2!I$14)} -> 10.919851 | H12: {=[1]!UNIFORM_INV(RAND(),Sheet2!J$13-SQRT(3)*Sheet2!J$14,Sheet2!J$13+SQRT(3)*Sheet2!J$14)} -> 19.237416 | ... X12: {=[1]!UNIFORM_INV(RAND(),Sheet2!Z$13-SQRT(3)*Sheet2!Z$14,Sheet2!Z$13+SQRT(3)*Sheet2!Z$14)} -> 7.7024401 | AX12: =Sheet2!C$13+('RNG HERE'!A12-'RNG HERE'!Y$2)*Sheet2!C$14/'RNG HERE'!Y$3 -> 3.388473 | AY12: =Sheet2!D$13+('RNG HERE'!B12-'RNG HERE'!Z$2)*Sheet2!D$14/'RNG HERE'!Z$3 -> 3.8074847 | AZ12: =Sheet2!E$13+('RNG HERE'!C12-'RNG HERE'!AA$2)*Sheet2!E$14/'RNG HERE'!AA$3 -> 17.344804 | BA12: =Sheet2!F$13+('RNG HERE'!D12-'RNG HERE'!AB$2)*Sheet2!F$14/'RNG HERE'!AB$3 -> 20.333068 | BB12: =Sheet2!G$13+('RNG HERE'!E12-'RNG HERE'!AC$2)*Sheet2!G$14/'RNG HERE'!AC$3 -> 18.796638 | BC12: =Sheet2!H$13+('RNG HERE'!F12-'RNG HERE'!AD$2)*Sheet2!H$14/'RNG HERE'!AD$3 -> 27.120396 | BD12: =Sheet2!I$13+('RNG HERE'!G12-'RNG HERE'!AE$2)*Sheet2!I$14/'RNG HERE'!AE$3 -> 11.04867 | BE12: =Sheet2!J$13+('RNG HERE'!H12-'RNG HERE'!AF$2)*Sheet2!J$14/'RNG HERE'!AF$3 -> 19.094191 | ... BU12: =Sheet2!Z$13+('RNG HERE'!X12-'RNG HERE'!AV$2)*Sheet2!Z$14/'RNG HERE'!AV$3 -> #NAME?
A13: {=[1]!UNIFORM_INV(RAND(),Sheet2!C$13-SQRT(3)*Sheet2!C$14,Sheet2!C$13+SQRT(3)*Sheet2!C$14)} -> 3.0459756 | B13: {=[1]!UNIFORM_INV(RAND(),Sheet2!D$13-SQRT(3)*Sheet2!D$14,Sheet2!D$13+SQRT(3)*Sheet2!D$14)} -> 5.7446696 | C13: {=[1]!UNIFORM_INV(RAND(),Sheet2!E$13-SQRT(3)*Sheet2!E$14,Sheet2!E$13+SQRT(3)*Sheet2!E$14)} -> 17.355633 | D13: {=[1]!UNIFORM_INV(RAND(),Sheet2!F$13-SQRT(3)*Sheet2!F$14,Sheet2!F$13+SQRT(3)*Sheet2!F$14)} -> 23.14974 | E13: {=[1]!UNIFORM_INV(RAND(),Sheet2!G$13-SQRT(3)*Sheet2!G$14,Sheet2!G$13+SQRT(3)*Sheet2!G$14)} -> 21.594951 | F13: {=[1]!UNIFORM_INV(RAND(),Sheet2!H$13-SQRT(3)*Sheet2!H$14,Sheet2!H$13+SQRT(3)*Sheet2!H$14)} -> 28.804886 | G13: {=[1]!UNIFORM_INV(RAND(),Sheet2!I$13-SQRT(3)*Sheet2!I$14,Sheet2!I$13+SQRT(3)*Sheet2!I$14)} -> 12.471382 | H13: {=[1]!UNIFORM_INV(RAND(),Sheet2!J$13-SQRT(3)*Sheet2!J$14,Sheet2!J$13+SQRT(3)*Sheet2!J$14)} -> 19.949887 | ... X13: {=[1]!UNIFORM_INV(RAND(),Sheet2!Z$13-SQRT(3)*Sheet2!Z$14,Sheet2!Z$13+SQRT(3)*Sheet2!Z$14)} -> 8.5420874 | AX13: =Sheet2!C$13+('RNG HERE'!A13-'RNG HERE'!Y$2)*Sheet2!C$14/'RNG HERE'!Y$3 -> 3.0191561 | AY13: =Sheet2!D$13+('RNG HERE'!B13-'RNG HERE'!Z$2)*Sheet2!D$14/'RNG HERE'!Z$3 -> 5.5724259 | AZ13: =Sheet2!E$13+('RNG HERE'!C13-'RNG HERE'!AA$2)*Sheet2!E$14/'RNG HERE'!AA$3 -> 17.484432 | BA13: =Sheet2!F$13+('RNG HERE'!D13-'RNG HERE'!AB$2)*Sheet2!F$14/'RNG HERE'!AB$3 -> 23.620994 | BB13: =Sheet2!G$13+('RNG HERE'!E13-'RNG HERE'!AC$2)*Sheet2!G$14/'RNG HERE'!AC$3 -> 21.696915 | BC13: =Sheet2!H$13+('RNG HERE'!F13-'RNG HERE'!AD$2)*Sheet2!H$14/'RNG HERE'!AD$3 -> 29.324485 | BD13: =Sheet2!I$13+('RNG HERE'!G13-'RNG HERE'!AE$2)*Sheet2!I$14/'RNG HERE'!AE$3 -> 12.50553 | BE13: =Sheet2!J$13+('RNG HERE'!H13-'RNG HERE'!AF$2)*Sheet2!J$14/'RNG HERE'!AF$3 -> 19.870013 | ... BU13: =Sheet2!Z$13+('RNG HERE'!X13-'RNG HERE'!AV$2)*Sheet2!Z$14/'RNG HERE'!AV$3 -> #NAME?
A14: {=[1]!UNIFORM_INV(RAND(),Sheet2!C$13-SQRT(3)*Sheet2!C$14,Sheet2!C$13+SQRT(3)*Sheet2!C$14)} -> 2.3449802 | B14: {=[1]!UNIFORM_INV(RAND(),Sheet2!D$13-SQRT(3)*Sheet2!D$14,Sheet2!D$13+SQRT(3)*Sheet2!D$14)} -> 3.9395926 | C14: {=[1]!UNIFORM_INV(RAND(),Sheet2!E$13-SQRT(3)*Sheet2!E$14,Sheet2!E$13+SQRT(3)*Sheet2!E$14)} -> 19.21452 | D14: {=[1]!UNIFORM_INV(RAND(),Sheet2!F$13-SQRT(3)*Sheet2!F$14,Sheet2!F$13+SQRT(3)*Sheet2!F$14)} -> 18.924543 | E14: {=[1]!UNIFORM_INV(RAND(),Sheet2!G$13-SQRT(3)*Sheet2!G$14,Sheet2!G$13+SQRT(3)*Sheet2!G$14)} -> 20.184111 | F14: {=[1]!UNIFORM_INV(RAND(),Sheet2!H$13-SQRT(3)*Sheet2!H$14,Sheet2!H$13+SQRT(3)*Sheet2!H$14)} -> 29.650649 | G14: {=[1]!UNIFORM_INV(RAND(),Sheet2!I$13-SQRT(3)*Sheet2!I$14,Sheet2!I$13+SQRT(3)*Sheet2!I$14)} -> 11.724883 | H14: {=[1]!UNIFORM_INV(RAND(),Sheet2!J$13-SQRT(3)*Sheet2!J$14,Sheet2!J$13+SQRT(3)*Sheet2!J$14)} -> 20.147148 | ... X14: {=[1]!UNIFORM_INV(RAND(),Sheet2!Z$13-SQRT(3)*Sheet2!Z$14,Sheet2!Z$13+SQRT(3)*Sheet2!Z$14)} -> 7.2065044 | AX14: =Sheet2!C$13+('RNG HERE'!A14-'RNG HERE'!Y$2)*Sheet2!C$14/'RNG HERE'!Y$3 -> 2.3317348 | AY14: =Sheet2!D$13+('RNG HERE'!B14-'RNG HERE'!Z$2)*Sheet2!D$14/'RNG HERE'!Z$3 -> 3.7718984 | AZ14: =Sheet2!E$13+('RNG HERE'!C14-'RNG HERE'!AA$2)*Sheet2!E$14/'RNG HERE'!AA$3 -> 19.53518 | BA14: =Sheet2!F$13+('RNG HERE'!D14-'RNG HERE'!AB$2)*Sheet2!F$14/'RNG HERE'!AB$3 -> 18.783974 | BB14: =Sheet2!G$13+('RNG HERE'!E14-'RNG HERE'!AC$2)*Sheet2!G$14/'RNG HERE'!AC$3 -> 20.243207 | BC14: =Sheet2!H$13+('RNG HERE'!F14-'RNG HERE'!AD$2)*Sheet2!H$14/'RNG HERE'!AD$3 -> 30.202497 | BD14: =Sheet2!I$13+('RNG HERE'!G14-'RNG HERE'!AE$2)*Sheet2!I$14/'RNG HERE'!AE$3 -> 11.80458 | BE14: =Sheet2!J$13+('RNG HERE'!H14-'RNG HERE'!AF$2)*Sheet2!J$14/'RNG HERE'!AF$3 -> 20.084815 | ... BU14: =Sheet2!Z$13+('RNG HERE'!X14-'RNG HERE'!AV$2)*Sheet2!Z$14/'RNG HERE'!AV$3 -> #NAME?
A15: {=[1]!UNIFORM_INV(RAND(),Sheet2!C$13-SQRT(3)*Sheet2!C$14,Sheet2!C$13+SQRT(3)*Sheet2!C$14)} -> 2.5059405 | B15: {=[1]!UNIFORM_INV(RAND(),Sheet2!D$13-SQRT(3)*Sheet2!D$14,Sheet2!D$13+SQRT(3)*Sheet2!D$14)} -> 6.8524531 | C15: {=[1]!UNIFORM_INV(RAND(),Sheet2!E$13-SQRT(3)*Sheet2!E$14,Sheet2!E$13+SQRT(3)*Sheet2!E$14)} -> 17.553209 | D15: {=[1]!UNIFORM_INV(RAND(),Sheet2!F$13-SQRT(3)*Sheet2!F$14,Sheet2!F$13+SQRT(3)*Sheet2!F$14)} -> 19.674871 | E15: {=[1]!UNIFORM_INV(RAND(),Sheet2!G$13-SQRT(3)*Sheet2!G$14,Sheet2!G$13+SQRT(3)*Sheet2!G$14)} -> 17.601293 | F15: {=[1]!UNIFORM_INV(RAND(),Sheet2!H$13-SQRT(3)*Sheet2!H$14,Sheet2!H$13+SQRT(3)*Sheet2!H$14)} -> 30.580454 | G15: {=[1]!UNIFORM_INV(RAND(),Sheet2!I$13-SQRT(3)*Sheet2!I$14,Sheet2!I$13+SQRT(3)*Sheet2!I$14)} -> 12.245148 | H15: {=[1]!UNIFORM_INV(RAND(),Sheet2!J$13-SQRT(3)*Sheet2!J$14,Sheet2!J$13+SQRT(3)*Sheet2!J$14)} -> 21.070847 | ... X15: {=[1]!UNIFORM_INV(RAND(),Sheet2!Z$13-SQRT(3)*Sheet2!Z$14,Sheet2!Z$13+SQRT(3)*Sheet2!Z$14)} -> 8.0885981 | AX15: =Sheet2!C$13+('RNG HERE'!A15-'RNG HERE'!Y$2)*Sheet2!C$14/'RNG HERE'!Y$3 -> 2.4895782 | AY15: =Sheet2!D$13+('RNG HERE'!B15-'RNG HERE'!Z$2)*Sheet2!D$14/'RNG HERE'!Z$3 -> 6.6774174 | AZ15: =Sheet2!E$13+('RNG HERE'!C15-'RNG HERE'!AA$2)*Sheet2!E$14/'RNG HERE'!AA$3 -> 17.7024 | BA15: =Sheet2!F$13+('RNG HERE'!D15-'RNG HERE'!AB$2)*Sheet2!F$14/'RNG HERE'!AB$3 -> 19.642952 | BB15: =Sheet2!G$13+('RNG HERE'!E15-'RNG HERE'!AC$2)*Sheet2!G$14/'RNG HERE'!AC$3 -> 17.581909 | BC15: =Sheet2!H$13+('RNG HERE'!F15-'RNG HERE'!AD$2)*Sheet2!H$14/'RNG HERE'!AD$3 -> 31.167756 | BD15: =Sheet2!I$13+('RNG HERE'!G15-'RNG HERE'!AE$2)*Sheet2!I$14/'RNG HERE'!AE$3 -> 12.2931 | BE15: =Sheet2!J$13+('RNG HERE'!H15-'RNG HERE'!AF$2)*Sheet2!J$14/'RNG HERE'!AF$3 -> 21.090648 | ... BU15: =Sheet2!Z$13+('RNG HERE'!X15-'RNG HERE'!AV$2)*Sheet2!Z$14/'RNG HERE'!AV$3 -> #NAME?
A16: {=[1]!UNIFORM_INV(RAND(),Sheet2!C$13-SQRT(3)*Sheet2!C$14,Sheet2!C$13+SQRT(3)*Sheet2!C$14)} -> 2.4342329 | B16: {=[1]!UNIFORM_INV(RAND(),Sheet2!D$13-SQRT(3)*Sheet2!D$14,Sheet2!D$13+SQRT(3)*Sheet2!D$14)} -> 6.9691599 | C16: {=[1]!UNIFORM_INV(RAND(),Sheet2!E$13-SQRT(3)*Sheet2!E$14,Sheet2!E$13+SQRT(3)*Sheet2!E$14)} -> 20.180618 | D16: {=[1]!UNIFORM_INV(RAND(),Sheet2!F$13-SQRT(3)*Sheet2!F$14,Sheet2!F$13+SQRT(3)*Sheet2!F$14)} -> 21.748786 | E16: {=[1]!UNIFORM_INV(RAND(),Sheet2!G$13-SQRT(3)*Sheet2!G$14,Sheet2!G$13+SQRT(3)*Sheet2!G$14)} -> 19.23534 | F16: {=[1]!UNIFORM_INV(RAND(),Sheet2!H$13-SQRT(3)*Sheet2!H$14,Sheet2!H$13+SQRT(3)*Sheet2!H$14)} -> 25.363642 | G16: {=[1]!UNIFORM_INV(RAND(),Sheet2!I$13-SQRT(3)*Sheet2!I$14,Sheet2!I$13+SQRT(3)*Sheet2!I$14)} -> 13.126958 | H16: {=[1]!UNIFORM_INV(RAND(),Sheet2!J$13-SQRT(3)*Sheet2!J$14,Sheet2!J$13+SQRT(3)*Sheet2!J$14)} -> 20.872324 | ... X16: {=[1]!UNIFORM_INV(RAND(),Sheet2!Z$13-SQRT(3)*Sheet2!Z$14,Sheet2!Z$13+SQRT(3)*Sheet2!Z$14)} -> 7.4075284 | AX16: =Sheet2!C$13+('RNG HERE'!A16-'RNG HERE'!Y$2)*Sheet2!C$14/'RNG HERE'!Y$3 -> 2.4192591 | AY16: =Sheet2!D$13+('RNG HERE'!B16-'RNG HERE'!Z$2)*Sheet2!D$14/'RNG HERE'!Z$3 -> 6.79383 | AZ16: =Sheet2!E$13+('RNG HERE'!C16-'RNG HERE'!AA$2)*Sheet2!E$14/'RNG HERE'!AA$3 -> 20.600991 | BA16: =Sheet2!F$13+('RNG HERE'!D16-'RNG HERE'!AB$2)*Sheet2!F$14/'RNG HERE'!AB$3 -> 22.017177 | BB16: =Sheet2!G$13+('RNG HERE'!E16-'RNG HERE'!AC$2)*Sheet2!G$14/'RNG HERE'!AC$3 -> 19.265607 | BC16: =Sheet2!H$13+('RNG HERE'!F16-'RNG HERE'!AD$2)*Sheet2!H$14/'RNG HERE'!AD$3 -> 25.752022 | BD16: =Sheet2!I$13+('RNG HERE'!G16-'RNG HERE'!AE$2)*Sheet2!I$14/'RNG HERE'!AE$3 -> 13.121104 | BE16: =Sheet2!J$13+('RNG HERE'!H16-'RNG HERE'!AF$2)*Sheet2!J$14/'RNG HERE'!AF$3 -> 20.874472 | ... BU16: =Sheet2!Z$13+('RNG HERE'!X16-'RNG HERE'!AV$2)*Sheet2!Z$14/'RNG HERE'!AV$3 -> #NAME?
A17: {=[1]!UNIFORM_INV(RAND(),Sheet2!C$13-SQRT(3)*Sheet2!C$14,Sheet2!C$13+SQRT(3)*Sheet2!C$14)} -> 3.2103048 | B17: {=[1]!UNIFORM_INV(RAND(),Sheet2!D$13-SQRT(3)*Sheet2!D$14,Sheet2!D$13+SQRT(3)*Sheet2!D$14)} -> 9.4363521 | C17: {=[1]!UNIFORM_INV(RAND(),Sheet2!E$13-SQRT(3)*Sheet2!E$14,Sheet2!E$13+SQRT(3)*Sheet2!E$14)} -> 16.711219 | D17: {=[1]!UNIFORM_INV(RAND(),Sheet2!F$13-SQRT(3)*Sheet2!F$14,Sheet2!F$13+SQRT(3)*Sheet2!F$14)} -> 18.817983 | E17: {=[1]!UNIFORM_INV(RAND(),Sheet2!G$13-SQRT(3)*Sheet2!G$14,Sheet2!G$13+SQRT(3)*Sheet2!G$14)} -> 19.114076 | F17: {=[1]!UNIFORM_INV(RAND(),Sheet2!H$13-SQRT(3)*Sheet2!H$14,Sheet2!H$13+SQRT(3)*Sheet2!H$14)} -> 28.247009 | G17: {=[1]!UNIFORM_INV(RAND(),Sheet2!I$13-SQRT(3)*Sheet2!I$14,Sheet2!I$13+SQRT(3)*Sheet2!I$14)} -> 11.94552 | H17: {=[1]!UNIFORM_INV(RAND(),Sheet2!J$13-SQRT(3)*Sheet2!J$14,Sheet2!J$13+SQRT(3)*Sheet2!J$14)} -> 19.536013 | ... X17: {=[1]!UNIFORM_INV(RAND(),Sheet2!Z$13-SQRT(3)*Sheet2!Z$14,Sheet2!Z$13+SQRT(3)*Sheet2!Z$14)} -> 7.2266876 | AX17: =Sheet2!C$13+('RNG HERE'!A17-'RNG HERE'!Y$2)*Sheet2!C$14/'RNG HERE'!Y$3 -> 3.1803032 | AY17: =Sheet2!D$13+('RNG HERE'!B17-'RNG HERE'!Z$2)*Sheet2!D$14/'RNG HERE'!Z$3 -> 9.2548039 | AZ17: =Sheet2!E$13+('RNG HERE'!C17-'RNG HERE'!AA$2)*Sheet2!E$14/'RNG HERE'!AA$3 -> 16.773507 | BA17: =Sheet2!F$13+('RNG HERE'!D17-'RNG HERE'!AB$2)*Sheet2!F$14/'RNG HERE'!AB$3 -> 18.661984 | BB17: =Sheet2!G$13+('RNG HERE'!E17-'RNG HERE'!AC$2)*Sheet2!G$14/'RNG HERE'!AC$3 -> 19.140658 | BC17: =Sheet2!H$13+('RNG HERE'!F17-'RNG HERE'!AD$2)*Sheet2!H$14/'RNG HERE'!AD$3 -> 28.745335 | BD17: =Sheet2!I$13+('RNG HERE'!G17-'RNG HERE'!AE$2)*Sheet2!I$14/'RNG HERE'!AE$3 -> 12.011755 | BE17: =Sheet2!J$13+('RNG HERE'!H17-'RNG HERE'!AF$2)*Sheet2!J$14/'RNG HERE'!AF$3 -> 19.419339 | ... BU17: =Sheet2!Z$13+('RNG HERE'!X17-'RNG HERE'!AV$2)*Sheet2!Z$14/'RNG HERE'!AV$3 -> #NAME?
A18: {=[1]!UNIFORM_INV(RAND(),Sheet2!C$13-SQRT(3)*Sheet2!C$14,Sheet2!C$13+SQRT(3)*Sheet2!C$14)} -> 3.5486253 | B18: {=[1]!UNIFORM_INV(RAND(),Sheet2!D$13-SQRT(3)*Sheet2!D$14,Sheet2!D$13+SQRT(3)*Sheet2!D$14)} -> 9.8411394 | C18: {=[1]!UNIFORM_INV(RAND(),Sheet2!E$13-SQRT(3)*Sheet2!E$14,Sheet2!E$13+SQRT(3)*Sheet2!E$14)} -> 17.298598 | D18: {=[1]!UNIFORM_INV(RAND(),Sheet2!F$13-SQRT(3)*Sheet2!F$14,Sheet2!F$13+SQRT(3)*Sheet2!F$14)} -> 22.745815 | E18: {=[1]!UNIFORM_INV(RAND(),Sheet2!G$13-SQRT(3)*Sheet2!G$14,Sheet2!G$13+SQRT(3)*Sheet2!G$14)} -> 17.241175 | F18: {=[1]!UNIFORM_INV(RAND(),Sheet2!H$13-SQRT(3)*Sheet2!H$14,Sheet2!H$13+SQRT(3)*Sheet2!H$14)} -> 28.051967 | G18: {=[1]!UNIFORM_INV(RAND(),Sheet2!I$13-SQRT(3)*Sheet2!I$14,Sheet2!I$13+SQRT(3)*Sheet2!I$14)} -> 12.824354 | H18: {=[1]!UNIFORM_INV(RAND(),Sheet2!J$13-SQRT(3)*Sheet2!J$14,Sheet2!J$13+SQRT(3)*Sheet2!J$14)} -> 20.91411 | ... X18: {=[1]!UNIFORM_INV(RAND(),Sheet2!Z$13-SQRT(3)*Sheet2!Z$14,Sheet2!Z$13+SQRT(3)*Sheet2!Z$14)} -> 8.767483 | AX18: =Sheet2!C$13+('RNG HERE'!A18-'RNG HERE'!Y$2)*Sheet2!C$14/'RNG HERE'!Y$3 -> 3.5120725 | AY18: =Sheet2!D$13+('RNG HERE'!B18-'RNG HERE'!Z$2)*Sheet2!D$14/'RNG HERE'!Z$3 -> 9.658571 | AZ18: =Sheet2!E$13+('RNG HERE'!C18-'RNG HERE'!AA$2)*Sheet2!E$14/'RNG HERE'!AA$3 -> 17.421511 | BA18: =Sheet2!F$13+('RNG HERE'!D18-'RNG HERE'!AB$2)*Sheet2!F$14/'RNG HERE'!AB$3 -> 23.158579 | BB18: =Sheet2!G$13+('RNG HERE'!E18-'RNG HERE'!AC$2)*Sheet2!G$14/'RNG HERE'!AC$3 -> 17.210849 | BC18: =Sheet2!H$13+('RNG HERE'!F18-'RNG HERE'!AD$2)*Sheet2!H$14/'RNG HERE'!AD$3 -> 28.542856 | BD18: =Sheet2!I$13+('RNG HERE'!G18-'RNG HERE'!AE$2)*Sheet2!I$14/'RNG HERE'!AE$3 -> 12.836964 | BE18: =Sheet2!J$13+('RNG HERE'!H18-'RNG HERE'!AF$2)*Sheet2!J$14/'RNG HERE'!AF$3 -> 20.919974 | ... BU18: =Sheet2!Z$13+('RNG HERE'!X18-'RNG HERE'!AV$2)*Sheet2!Z$14/'RNG HERE'!AV$3 -> #NAME?
A19: {=[1]!UNIFORM_INV(RAND(),Sheet2!C$13-SQRT(3)*Sheet2!C$14,Sheet2!C$13+SQRT(3)*Sheet2!C$14)} -> 3.6110132 | B19: {=[1]!UNIFORM_INV(RAND(),Sheet2!D$13-SQRT(3)*Sheet2!D$14,Sheet2!D$13+SQRT(3)*Sheet2!D$14)} -> 9.4464 | C19: {=[1]!UNIFORM_INV(RAND(),Sheet2!E$13-SQRT(3)*Sheet2!E$14,Sheet2!E$13+SQRT(3)*Sheet2!E$14)} -> 19.077958 | D19: {=[1]!UNIFORM_INV(RAND(),Sheet2!F$13-SQRT(3)*Sheet2!F$14,Sheet2!F$13+SQRT(3)*Sheet2!F$14)} -> 19.63848 | E19: {=[1]!UNIFORM_INV(RAND(),Sheet2!G$13-SQRT(3)*Sheet2!G$14,Sheet2!G$13+SQRT(3)*Sheet2!G$14)} -> 20.126679 | F19: {=[1]!UNIFORM_INV(RAND(),Sheet2!H$13-SQRT(3)*Sheet2!H$14,Sheet2!H$13+SQRT(3)*Sheet2!H$14)} -> 29.103284 | G19: {=[1]!UNIFORM_INV(RAND(),Sheet2!I$13-SQRT(3)*Sheet2!I$14,Sheet2!I$13+SQRT(3)*Sheet2!I$14)} -> 10.946991 | H19: {=[1]!UNIFORM_INV(RAND(),Sheet2!J$13-SQRT(3)*Sheet2!J$14,Sheet2!J$13+SQRT(3)*Sheet2!J$14)} -> 20.835564 | ... X19: {=[1]!UNIFORM_INV(RAND(),Sheet2!Z$13-SQRT(3)*Sheet2!Z$14,Sheet2!Z$13+SQRT(3)*Sheet2!Z$14)} -> 7.0178201 | AX19: =Sheet2!C$13+('RNG HERE'!A19-'RNG HERE'!Y$2)*Sheet2!C$14/'RNG HERE'!Y$3 -> 3.5732523 | AY19: =Sheet2!D$13+('RNG HERE'!B19-'RNG HERE'!Z$2)*Sheet2!D$14/'RNG HERE'!Z$3 -> 9.2648265 | AZ19: =Sheet2!E$13+('RNG HERE'!C19-'RNG HERE'!AA$2)*Sheet2!E$14/'RNG HERE'!AA$3 -> 19.384522 | BA19: =Sheet2!F$13+('RNG HERE'!D19-'RNG HERE'!AB$2)*Sheet2!F$14/'RNG HERE'!AB$3 -> 19.601291 | BB19: =Sheet2!G$13+('RNG HERE'!E19-'RNG HERE'!AC$2)*Sheet2!G$14/'RNG HERE'!AC$3 -> 20.184029 | BC19: =Sheet2!H$13+('RNG HERE'!F19-'RNG HERE'!AD$2)*Sheet2!H$14/'RNG HERE'!AD$3 -> 29.634261 | BD19: =Sheet2!I$13+('RNG HERE'!G19-'RNG HERE'!AE$2)*Sheet2!I$14/'RNG HERE'!AE$3 -> 11.074154 | BE19: =Sheet2!J$13+('RNG HERE'!H19-'RNG HERE'!AF$2)*Sheet2!J$14/'RNG HERE'!AF$3 -> 20.834444 | ... BU19: =Sheet2!Z$13+('RNG HERE'!X19-'RNG HERE'!AV$2)*Sheet2!Z$14/'RNG HERE'!AV$3 -> #NAME?
A20: {=[1]!UNIFORM_INV(RAND(),Sheet2!C$13-SQRT(3)*Sheet2!C$14,Sheet2!C$13+SQRT(3)*Sheet2!C$14)} -> 2.6885366 | B20: {=[1]!UNIFORM_INV(RAND(),Sheet2!D$13-SQRT(3)*Sheet2!D$14,Sheet2!D$13+SQRT(3)*Sheet2!D$14)} -> 6.5836581 | C20: {=[1]!UNIFORM_INV(RAND(),Sheet2!E$13-SQRT(3)*Sheet2!E$14,Sheet2!E$13+SQRT(3)*Sheet2!E$14)} -> 19.948426 | D20: {=[1]!UNIFORM_INV(RAND(),Sheet2!F$13-SQRT(3)*Sheet2!F$14,Sheet2!F$13+SQRT(3)*Sheet2!F$14)} -> 21.827043 | E20: {=[1]!UNIFORM_INV(RAND(),Sheet2!G$13-SQRT(3)*Sheet2!G$14,Sheet2!G$13+SQRT(3)*Sheet2!G$14)} -> 20.146967 | F20: {=[1]!UNIFORM_INV(RAND(),Sheet2!H$13-SQRT(3)*Sheet2!H$14,Sheet2!H$13+SQRT(3)*Sheet2!H$14)} -> 25.465397 | G20: {=[1]!UNIFORM_INV(RAND(),Sheet2!I$13-SQRT(3)*Sheet2!I$14,Sheet2!I$13+SQRT(3)*Sheet2!I$14)} -> 12.642165 | H20: {=[1]!UNIFORM_INV(RAND(),Sheet2!J$13-SQRT(3)*Sheet2!J$14,Sheet2!J$13+SQRT(3)*Sheet2!J$14)} -> 19.866381 | ... X20: {=[1]!UNIFORM_INV(RAND(),Sheet2!Z$13-SQRT(3)*Sheet2!Z$14,Sheet2!Z$13+SQRT(3)*Sheet2!Z$14)} -> 8.5827925 | AX20: =Sheet2!C$13+('RNG HERE'!A20-'RNG HERE'!Y$2)*Sheet2!C$14/'RNG HERE'!Y$3 -> 2.6686385 | AY20: =Sheet2!D$13+('RNG HERE'!B20-'RNG HERE'!Z$2)*Sheet2!D$14/'RNG HERE'!Z$3 -> 6.4092998 | AZ20: =Sheet2!E$13+('RNG HERE'!C20-'RNG HERE'!AA$2)*Sheet2!E$14/'RNG HERE'!AA$3 -> 20.344835 | BA20: =Sheet2!F$13+('RNG HERE'!D20-'RNG HERE'!AB$2)*Sheet2!F$14/'RNG HERE'!AB$3 -> 22.106766 | BB20: =Sheet2!G$13+('RNG HERE'!E20-'RNG HERE'!AC$2)*Sheet2!G$14/'RNG HERE'!AC$3 -> 20.204934 | BC20: =Sheet2!H$13+('RNG HERE'!F20-'RNG HERE'!AD$2)*Sheet2!H$14/'RNG HERE'!AD$3 -> 25.857658 | BD20: =Sheet2!I$13+('RNG HERE'!G20-'RNG HERE'!AE$2)*Sheet2!I$14/'RNG HERE'!AE$3 -> 12.665892 | BE20: =Sheet2!J$13+('RNG HERE'!H20-'RNG HERE'!AF$2)*Sheet2!J$14/'RNG HERE'!AF$3 -> 19.779083 | ... BU20: =Sheet2!Z$13+('RNG HERE'!X20-'RNG HERE'!AV$2)*Sheet2!Z$14/'RNG HERE'!AV$3 -> #NAME?
A21: {=[1]!UNIFORM_INV(RAND(),Sheet2!C$13-SQRT(3)*Sheet2!C$14,Sheet2!C$13+SQRT(3)*Sheet2!C$14)} -> 3.5774367 | B21: {=[1]!UNIFORM_INV(RAND(),Sheet2!D$13-SQRT(3)*Sheet2!D$14,Sheet2!D$13+SQRT(3)*Sheet2!D$14)} -> 8.0129936 | C21: {=[1]!UNIFORM_INV(RAND(),Sheet2!E$13-SQRT(3)*Sheet2!E$14,Sheet2!E$13+SQRT(3)*Sheet2!E$14)} -> 17.680518 | D21: {=[1]!UNIFORM_INV(RAND(),Sheet2!F$13-SQRT(3)*Sheet2!F$14,Sheet2!F$13+SQRT(3)*Sheet2!F$14)} -> 24.099946 | E21: {=[1]!UNIFORM_INV(RAND(),Sheet2!G$13-SQRT(3)*Sheet2!G$14,Sheet2!G$13+SQRT(3)*Sheet2!G$14)} -> 21.670471 | F21: {=[1]!UNIFORM_INV(RAND(),Sheet2!H$13-SQRT(3)*Sheet2!H$14,Sheet2!H$13+SQRT(3)*Sheet2!H$14)} -> 25.192816 | G21: {=[1]!UNIFORM_INV(RAND(),Sheet2!I$13-SQRT(3)*Sheet2!I$14,Sheet2!I$13+SQRT(3)*Sheet2!I$14)} -> 12.950926 | H21: {=[1]!UNIFORM_INV(RAND(),Sheet2!J$13-SQRT(3)*Sheet2!J$14,Sheet2!J$13+SQRT(3)*Sheet2!J$14)} -> 19.309215 | ... X21: {=[1]!UNIFORM_INV(RAND(),Sheet2!Z$13-SQRT(3)*Sheet2!Z$14,Sheet2!Z$13+SQRT(3)*Sheet2!Z$14)} -> 7.5198266 | AX21: =Sheet2!C$13+('RNG HERE'!A21-'RNG HERE'!Y$2)*Sheet2!C$14/'RNG HERE'!Y$3 -> 3.540326 | AY21: =Sheet2!D$13+('RNG HERE'!B21-'RNG HERE'!Z$2)*Sheet2!D$14/'RNG HERE'!Z$3 -> 7.8350328 | AZ21: =Sheet2!E$13+('RNG HERE'!C21-'RNG HERE'!AA$2)*Sheet2!E$14/'RNG HERE'!AA$3 -> 17.842849 | BA21: =Sheet2!F$13+('RNG HERE'!D21-'RNG HERE'!AB$2)*Sheet2!F$14/'RNG HERE'!AB$3 -> 24.708793 | BB21: =Sheet2!G$13+('RNG HERE'!E21-'RNG HERE'!AC$2)*Sheet2!G$14/'RNG HERE'!AC$3 -> 21.77473 | BC21: =Sheet2!H$13+('RNG HERE'!F21-'RNG HERE'!AD$2)*Sheet2!H$14/'RNG HERE'!AD$3 -> 25.574683 | BD21: =Sheet2!I$13+('RNG HERE'!G21-'RNG HERE'!AE$2)*Sheet2!I$14/'RNG HERE'!AE$3 -> 12.955813 | BE21: =Sheet2!J$13+('RNG HERE'!H21-'RNG HERE'!AF$2)*Sheet2!J$14/'RNG HERE'!AF$3 -> 19.172374 | ... BU21: =Sheet2!Z$13+('RNG HERE'!X21-'RNG HERE'!AV$2)*Sheet2!Z$14/'RNG HERE'!AV$3 -> #NAME?
... A31: {=[1]!UNIFORM_INV(RAND(),Sheet2!C$13-SQRT(3)*Sheet2!C$14,Sheet2!C$13+SQRT(3)*Sheet2!C$14)} -> 2.7295415 | B31: {=[1]!UNIFORM_INV(RAND(),Sheet2!D$13-SQRT(3)*Sheet2!D$14,Sheet2!D$13+SQRT(3)*Sheet2!D$14)} -> 4.8313457 | C31: {=[1]!UNIFORM_INV(RAND(),Sheet2!E$13-SQRT(3)*Sheet2!E$14,Sheet2!E$13+SQRT(3)*Sheet2!E$14)} -> 17.630191 | D31: {=[1]!UNIFORM_INV(RAND(),Sheet2!F$13-SQRT(3)*Sheet2!F$14,Sheet2!F$13+SQRT(3)*Sheet2!F$14)} -> 19.651991 | E31: {=[1]!UNIFORM_INV(RAND(),Sheet2!G$13-SQRT(3)*Sheet2!G$14,Sheet2!G$13+SQRT(3)*Sheet2!G$14)} -> 21.246025 | F31: {=[1]!UNIFORM_INV(RAND(),Sheet2!H$13-SQRT(3)*Sheet2!H$14,Sheet2!H$13+SQRT(3)*Sheet2!H$14)} -> 31.461473 | G31: {=[1]!UNIFORM_INV(RAND(),Sheet2!I$13-SQRT(3)*Sheet2!I$14,Sheet2!I$13+SQRT(3)*Sheet2!I$14)} -> 12.343305 | H31: {=[1]!UNIFORM_INV(RAND(),Sheet2!J$13-SQRT(3)*Sheet2!J$14,Sheet2!J$13+SQRT(3)*Sheet2!J$14)} -> 19.58248 | ... X31: {=[1]!UNIFORM_INV(RAND(),Sheet2!Z$13-SQRT(3)*Sheet2!Z$14,Sheet2!Z$13+SQRT(3)*Sheet2!Z$14)} -> 7.1939298 | AX31: =Sheet2!C$13+('RNG HERE'!A31-'RNG HERE'!Y$2)*Sheet2!C$14/'RNG HERE'!Y$3 -> 2.7088494 | AY31: =Sheet2!D$13+('RNG HERE'!B31-'RNG HERE'!Z$2)*Sheet2!D$14/'RNG HERE'!Z$3 -> 4.6614039 | AZ31: =Sheet2!E$13+('RNG HERE'!C31-'RNG HERE'!AA$2)*Sheet2!E$14/'RNG HERE'!AA$3 -> 17.787329 | BA31: =Sheet2!F$13+('RNG HERE'!D31-'RNG HERE'!AB$2)*Sheet2!F$14/'RNG HERE'!AB$3 -> 19.616758 | BB31: =Sheet2!G$13+('RNG HERE'!E31-'RNG HERE'!AC$2)*Sheet2!G$14/'RNG HERE'!AC$3 -> 21.337387 | BC31: =Sheet2!H$13+('RNG HERE'!F31-'RNG HERE'!AD$2)*Sheet2!H$14/'RNG HERE'!AD$3 -> 32.08237 | BD31: =Sheet2!I$13+('RNG HERE'!G31-'RNG HERE'!AE$2)*Sheet2!I$14/'RNG HERE'!AE$3 -> 12.385268 | BE31: =Sheet2!J$13+('RNG HERE'!H31-'RNG HERE'!AF$2)*Sheet2!J$14/'RNG HERE'!AF$3 -> 19.469938 | ... BU31: =Sheet2!Z$13+('RNG HERE'!X31-'RNG HERE'!AV$2)*Sheet2!Z$14/'RNG HERE'!AV$3 -> #NAME?
A32: {=[1]!UNIFORM_INV(RAND(),Sheet2!C$15-SQRT(3)*Sheet2!C$16,Sheet2!C$15+SQRT(3)*Sheet2!C$16)} -> 4.9167043 | B32: {=[1]!UNIFORM_INV(RAND(),Sheet2!D$15-SQRT(3)*Sheet2!D$16,Sheet2!D$15+SQRT(3)*Sheet2!D$16)} -> 6.361233 | C32: {=[1]!UNIFORM_INV(RAND(),Sheet2!E$15-SQRT(3)*Sheet2!E$16,Sheet2!E$15+SQRT(3)*Sheet2!E$16)} -> 18.555884 | D32: {=[1]!UNIFORM_INV(RAND(),Sheet2!F$15-SQRT(3)*Sheet2!F$16,Sheet2!F$15+SQRT(3)*Sheet2!F$16)} -> 20.45005 | E32: {=[1]!UNIFORM_INV(RAND(),Sheet2!G$15-SQRT(3)*Sheet2!G$16,Sheet2!G$15+SQRT(3)*Sheet2!G$16)} -> 15.387811 | F32: {=[1]!UNIFORM_INV(RAND(),Sheet2!H$15-SQRT(3)*Sheet2!H$16,Sheet2!H$15+SQRT(3)*Sheet2!H$16)} -> 33.478328 | G32: {=[1]!UNIFORM_INV(RAND(),Sheet2!I$15-SQRT(3)*Sheet2!I$16,Sheet2!I$15+SQRT(3)*Sheet2!I$16)} -> 12.176717 | H32: {=[1]!UNIFORM_INV(RAND(),Sheet2!J$15-SQRT(3)*Sheet2!J$16,Sheet2!J$15+SQRT(3)*Sheet2!J$16)} -> 21.738034 | ... X32: {=[1]!UNIFORM_INV(RAND(),Sheet2!Z$15-SQRT(3)*Sheet2!Z$16,Sheet2!Z$15+SQRT(3)*Sheet2!Z$16)} -> 8.3842701 | Y32: =AVERAGE(A32:A61) -> 4.7192811 | Z32: =AVERAGE(B32:B61) -> 9.5596697 | AA32: =AVERAGE(C32:C61) -> 17.321258 | AB32: =AVERAGE(D32:D61) -> 16.357175 | AC32: =AVERAGE(E32:E61) -> 21.852091 | AD32: =AVERAGE(F32:F61) -> 32.169546 | AE32: =AVERAGE(G32:G61) -> 12.687834 | AF32: =AVERAGE(H32:H61) -> 22.131686 | ... AV32: =AVERAGE(X32:X61) -> 8.0581282 | AX32: =Sheet2!C$15+('RNG HERE'!A32-'RNG HERE'!Y$32)*Sheet2!C$16/'RNG HERE'!Y$33 -> 4.8003094 | AY32: =Sheet2!D$15+('RNG HERE'!B32-'RNG HERE'!Z$32)*Sheet2!D$16/'RNG HERE'!Z$33 -> 5.2997102 | AZ32: =Sheet2!E$15+('RNG HERE'!C32-'RNG HERE'!AA$32)*Sheet2!E$16/'RNG HERE'!AA$33 -> 18.708013 | BA32: =Sheet2!F$15+('RNG HERE'!D32-'RNG HERE'!AB$32)*Sheet2!F$16/'RNG HERE'!AB$33 -> 20.292632 | BB32: =Sheet2!G$15+('RNG HERE'!E32-'RNG HERE'!AC$32)*Sheet2!G$16/'RNG HERE'!AC$33 -> 14.271494 | BC32: =Sheet2!H$15+('RNG HERE'!F32-'RNG HERE'!AD$32)*Sheet2!H$16/'RNG HERE'!AD$33 -> 31.975004 | BD32: =Sheet2!I$15+('RNG HERE'!G32-'RNG HERE'!AE$32)*Sheet2!I$16/'RNG HERE'!AE$33 -> 12.115798 | BE32: =Sheet2!J$15+('RNG HERE'!H32-'RNG HERE'!AF$32)*Sheet2!J$16/'RNG HERE'!AF$33 -> 21.811319 | ... BU32: =Sheet2!Z$15+('RNG HERE'!X32-'RNG HERE'!AV$32)*Sheet2!Z$16/'RNG HERE'!AV$33 -> 8.5315402 | BV32: =AVERAGE(AX32:AX61) -> 4.6 | BW32: =AVERAGE(AY32:AY61) -> 9.1 | BX32: =AVERAGE(AZ32:AZ61) -> 17.4 | BY32: =AVERAGE(BA32:BA61) -> 16.5 | BZ32: =AVERAGE(BB32:BB61) -> 21.7 | CA32: =AVERAGE(BC32:BC61) -> 30.6 | CB32: =AVERAGE(BD32:BD61) -> 12.7 | CC32: =AVERAGE(BE32:BE61) -> 22.2 | ... CS32: =AVERAGE(BU32:BU61) -> 8.2
A33: {=[1]!UNIFORM_INV(RAND(),Sheet2!C$15-SQRT(3)*Sheet2!C$16,Sheet2!C$15+SQRT(3)*Sheet2!C$16)} -> 5.8539918 | B33: {=[1]!UNIFORM_INV(RAND(),Sheet2!D$15-SQRT(3)*Sheet2!D$16,Sheet2!D$15+SQRT(3)*Sheet2!D$16)} -> 8.9662026 | C33: {=[1]!UNIFORM_INV(RAND(),Sheet2!E$15-SQRT(3)*Sheet2!E$16,Sheet2!E$15+SQRT(3)*Sheet2!E$16)} -> 16.325317 | D33: {=[1]!UNIFORM_INV(RAND(),Sheet2!F$15-SQRT(3)*Sheet2!F$16,Sheet2!F$15+SQRT(3)*Sheet2!F$16)} -> 20.0089 | E33: {=[1]!UNIFORM_INV(RAND(),Sheet2!G$15-SQRT(3)*Sheet2!G$16,Sheet2!G$15+SQRT(3)*Sheet2!G$16)} -> 25.319066 | F33: {=[1]!UNIFORM_INV(RAND(),Sheet2!H$15-SQRT(3)*Sheet2!H$16,Sheet2!H$15+SQRT(3)*Sheet2!H$16)} -> 26.481452 | G33: {=[1]!UNIFORM_INV(RAND(),Sheet2!I$15-SQRT(3)*Sheet2!I$16,Sheet2!I$15+SQRT(3)*Sheet2!I$16)} -> 12.294698 | H33: {=[1]!UNIFORM_INV(RAND(),Sheet2!J$15-SQRT(3)*Sheet2!J$16,Sheet2!J$15+SQRT(3)*Sheet2!J$16)} -> 22.4225 | ... X33: {=[1]!UNIFORM_INV(RAND(),Sheet2!Z$15-SQRT(3)*Sheet2!Z$16,Sheet2!Z$15+SQRT(3)*Sheet2!Z$16)} -> 7.6699205 | Y33: =_xlfn.STDEV.S(A32:A61) -> 1.1827093 | Z33: =_xlfn.STDEV.P(B32:B61) -> 1.5990964 | AA33: =_xlfn.STDEV.P(C32:C61) -> 1.6046207 | AB33: =_xlfn.STDEV.P(D32:D61) -> 2.5899951 | AC33: =_xlfn.STDEV.P(E32:E61) -> 3.4807968 | AD33: =_xlfn.STDEV.P(F32:F61) -> 3.0458842 | AE33: =_xlfn.STDEV.P(G32:G61) -> 0.61242799 | AF33: =_xlfn.STDEV.P(H32:H61) -> 0.91150849 | AG33: =_xlfn.STDEV.P(I32:I61) -> 1.4340124 | ... AV33: =_xlfn.STDEV.P(X32:X61) -> 0.49185878 | AX33: =Sheet2!C$15+('RNG HERE'!A33-'RNG HERE'!Y$32)*Sheet2!C$16/'RNG HERE'!Y$33 -> 5.7512996 | AY33: =Sheet2!D$15+('RNG HERE'!B33-'RNG HERE'!Z$32)*Sheet2!D$16/'RNG HERE'!Z$33 -> 8.3948595 | AZ33: =Sheet2!E$15+('RNG HERE'!C33-'RNG HERE'!AA$32)*Sheet2!E$16/'RNG HERE'!AA$33 -> 16.34486 | BA33: =Sheet2!F$15+('RNG HERE'!D33-'RNG HERE'!AB$32)*Sheet2!F$16/'RNG HERE'!AB$33 -> 19.883845 | BB33: =Sheet2!G$15+('RNG HERE'!E33-'RNG HERE'!AC$32)*Sheet2!G$16/'RNG HERE'!AC$33 -> 25.684117 | BC33: =Sheet2!H$15+('RNG HERE'!F33-'RNG HERE'!AD$32)*Sheet2!H$16/'RNG HERE'!AD$33 -> 24.6241 | BD33: =Sheet2!I$15+('RNG HERE'!G33-'RNG HERE'!AE$32)*Sheet2!I$16/'RNG HERE'!AE$33 -> 12.250649 | BE33: =Sheet2!J$15+('RNG HERE'!H33-'RNG HERE'!AF$32)*Sheet2!J$16/'RNG HERE'!AF$33 -> 22.487143 | ... BU33: =Sheet2!Z$15+('RNG HERE'!X33-'RNG HERE'!AV$32)*Sheet2!Z$16/'RNG HERE'!AV$33 -> 7.8053667 | BV33: =_xlfn.STDEV.S(AX32:AX61) -> 1.2 | BW33: =_xlfn.STDEV.S(AY32:AY61) -> 1.932481 | BX33: =_xlfn.STDEV.S(AZ32:AZ61) -> 1.7290619 | BY33: =_xlfn.STDEV.S(BA32:BA61) -> 2.4410286 | BZ33: =_xlfn.STDEV.S(BB32:BB61) -> 4.068381 | CA33: =_xlfn.STDEV.S(BC32:BC61) -> 3.2547048 | CB33: =_xlfn.STDEV.S(BD32:BD61) -> 0.71196668 | CC33: =_xlfn.STDEV.S(BE32:BE61) -> 0.91538573 | ... CS33: =_xlfn.STDEV.S(BU32:BU61) -> 0.50854763
A34: {=[1]!UNIFORM_INV(RAND(),Sheet2!C$15-SQRT(3)*Sheet2!C$16,Sheet2!C$15+SQRT(3)*Sheet2!C$16)} -> 4.6279409 | B34: {=[1]!UNIFORM_INV(RAND(),Sheet2!D$15-SQRT(3)*Sheet2!D$16,Sheet2!D$15+SQRT(3)*Sheet2!D$16)} -> 9.7046756 | C34: {=[1]!UNIFORM_INV(RAND(),Sheet2!E$15-SQRT(3)*Sheet2!E$16,Sheet2!E$15+SQRT(3)*Sheet2!E$16)} -> 19.921027 | D34: {=[1]!UNIFORM_INV(RAND(),Sheet2!F$15-SQRT(3)*Sheet2!F$16,Sheet2!F$15+SQRT(3)*Sheet2!F$16)} -> 16.097875 | E34: {=[1]!UNIFORM_INV(RAND(),Sheet2!G$15-SQRT(3)*Sheet2!G$16,Sheet2!G$15+SQRT(3)*Sheet2!G$16)} -> 25.490126 | F34: {=[1]!UNIFORM_INV(RAND(),Sheet2!H$15-SQRT(3)*Sheet2!H$16,Sheet2!H$15+SQRT(3)*Sheet2!H$16)} -> 32.872478 | G34: {=[1]!UNIFORM_INV(RAND(),Sheet2!I$15-SQRT(3)*Sheet2!I$16,Sheet2!I$15+SQRT(3)*Sheet2!I$16)} -> 12.39141 | H34: {=[1]!UNIFORM_INV(RAND(),Sheet2!J$15-SQRT(3)*Sheet2!J$16,Sheet2!J$15+SQRT(3)*Sheet2!J$16)} -> 23.277163 | ... X34: {=[1]!UNIFORM_INV(RAND(),Sheet2!Z$15-SQRT(3)*Sheet2!Z$16,Sheet2!Z$15+SQRT(3)*Sheet2!Z$16)} -> 8.6443312 | AX34: =Sheet2!C$15+('RNG HERE'!A34-'RNG HERE'!Y$32)*Sheet2!C$16/'RNG HERE'!Y$33 -> 4.5073244 | AY34: =Sheet2!D$15+('RNG HERE'!B34-'RNG HERE'!Z$32)*Sheet2!D$16/'RNG HERE'!Z$33 -> 9.2722918 | AZ34: =Sheet2!E$15+('RNG HERE'!C34-'RNG HERE'!AA$32)*Sheet2!E$16/'RNG HERE'!AA$33 -> 20.1543 | BA34: =Sheet2!F$15+('RNG HERE'!D34-'RNG HERE'!AB$32)*Sheet2!F$16/'RNG HERE'!AB$33 -> 16.259722 | BB34: =Sheet2!G$15+('RNG HERE'!E34-'RNG HERE'!AC$32)*Sheet2!G$16/'RNG HERE'!AC$33 -> 25.880693 | BC34: =Sheet2!H$15+('RNG HERE'!F34-'RNG HERE'!AD$32)*Sheet2!H$16/'RNG HERE'!AD$33 -> 31.3385 | BD34: =Sheet2!I$15+('RNG HERE'!G34-'RNG HERE'!AE$32)*Sheet2!I$16/'RNG HERE'!AE$33 -> 12.36119 | BE34: =Sheet2!J$15+('RNG HERE'!H34-'RNG HERE'!AF$32)*Sheet2!J$16/'RNG HERE'!AF$33 -> 23.331015 | ... BU34: =Sheet2!Z$15+('RNG HERE'!X34-'RNG HERE'!AV$32)*Sheet2!Z$16/'RNG HERE'!AV$33 -> 8.7959058 | BV34: =BV32-Sheet2!C15 -> 0 | BW34: =BW32-Sheet2!D15 -> 0 | BX34: =BX32-Sheet2!E15 -> 0 | BY34: =BY32-Sheet2!F15 -> 0 | BZ34: =BZ32-Sheet2!G15 -> 0 | CA34: =CA32-Sheet2!H15 -> 0 | CB34: =CB32-Sheet2!I15 -> 0 | CC34: =CC32-Sheet2!J15 -> 0 | ... CS34: =CS32-Sheet2!Z15 -> 0
A35: {=[1]!UNIFORM_INV(RAND(),Sheet2!C$15-SQRT(3)*Sheet2!C$16,Sheet2!C$15+SQRT(3)*Sheet2!C$16)} -> 6.2539098 | B35: {=[1]!UNIFORM_INV(RAND(),Sheet2!D$15-SQRT(3)*Sheet2!D$16,Sheet2!D$15+SQRT(3)*Sheet2!D$16)} -> 11.140067 | C35: {=[1]!UNIFORM_INV(RAND(),Sheet2!E$15-SQRT(3)*Sheet2!E$16,Sheet2!E$15+SQRT(3)*Sheet2!E$16)} -> 16.841389 | D35: {=[1]!UNIFORM_INV(RAND(),Sheet2!F$15-SQRT(3)*Sheet2!F$16,Sheet2!F$15+SQRT(3)*Sheet2!F$16)} -> 14.799531 | E35: {=[1]!UNIFORM_INV(RAND(),Sheet2!G$15-SQRT(3)*Sheet2!G$16,Sheet2!G$15+SQRT(3)*Sheet2!G$16)} -> 20.293121 | F35: {=[1]!UNIFORM_INV(RAND(),Sheet2!H$15-SQRT(3)*Sheet2!H$16,Sheet2!H$15+SQRT(3)*Sheet2!H$16)} -> 30.86632 | G35: {=[1]!UNIFORM_INV(RAND(),Sheet2!I$15-SQRT(3)*Sheet2!I$16,Sheet2!I$15+SQRT(3)*Sheet2!I$16)} -> 12.071524 | H35: {=[1]!UNIFORM_INV(RAND(),Sheet2!J$15-SQRT(3)*Sheet2!J$16,Sheet2!J$15+SQRT(3)*Sheet2!J$16)} -> 21.51994 | ... X35: {=[1]!UNIFORM_INV(RAND(),Sheet2!Z$15-SQRT(3)*Sheet2!Z$16,Sheet2!Z$15+SQRT(3)*Sheet2!Z$16)} -> 8.3154852 | AX35: =Sheet2!C$15+('RNG HERE'!A35-'RNG HERE'!Y$32)*Sheet2!C$16/'RNG HERE'!Y$33 -> 6.1570643 | AY35: =Sheet2!D$15+('RNG HERE'!B35-'RNG HERE'!Z$32)*Sheet2!D$16/'RNG HERE'!Z$33 -> 10.977782 | AZ35: =Sheet2!E$15+('RNG HERE'!C35-'RNG HERE'!AA$32)*Sheet2!E$16/'RNG HERE'!AA$33 -> 16.891607 | BA35: =Sheet2!F$15+('RNG HERE'!D35-'RNG HERE'!AB$32)*Sheet2!F$16/'RNG HERE'!AB$33 -> 15.056621 | BB35: =Sheet2!G$15+('RNG HERE'!E35-'RNG HERE'!AC$32)*Sheet2!G$16/'RNG HERE'!AC$33 -> 19.908491 | BC35: =Sheet2!H$15+('RNG HERE'!F35-'RNG HERE'!AD$32)*Sheet2!H$16/'RNG HERE'!AD$33 -> 29.230834 | BD35: =Sheet2!I$15+('RNG HERE'!G35-'RNG HERE'!AE$32)*Sheet2!I$16/'RNG HERE'!AE$33 -> 11.995563 | BE35: =Sheet2!J$15+('RNG HERE'!H35-'RNG HERE'!AF$32)*Sheet2!J$16/'RNG HERE'!AF$33 -> 21.595978 | ... BU35: =Sheet2!Z$15+('RNG HERE'!X35-'RNG HERE'!AV$32)*Sheet2!Z$16/'RNG HERE'!AV$33 -> 8.4616168 | BV35: =BV33-Sheet2!C16 -> 7.9936058e-15 | BW35: =BW33-Sheet2!D16 -> 0.032480985 | BX35: =BX33-Sheet2!E16 -> 0.029061934 | BY35: =BY33-Sheet2!F16 -> 0.041028613 | BZ35: =BZ33-Sheet2!G16 -> 0.068381022 | CA35: =CA33-Sheet2!H16 -> 0.054704817 | CB35: =CB33-Sheet2!I16 -> 0.011966679 | CC35: =CC33-Sheet2!J16 -> 0.01538573 | ... CS35: =CS33-Sheet2!Z16 -> 0.0085476277
A36: {=[1]!UNIFORM_INV(RAND(),Sheet2!C$15-SQRT(3)*Sheet2!C$16,Sheet2!C$15+SQRT(3)*Sheet2!C$16)} -> 2.735292 | B36: {=[1]!UNIFORM_INV(RAND(),Sheet2!D$15-SQRT(3)*Sheet2!D$16,Sheet2!D$15+SQRT(3)*Sheet2!D$16)} -> 10.28086 | C36: {=[1]!UNIFORM_INV(RAND(),Sheet2!E$15-SQRT(3)*Sheet2!E$16,Sheet2!E$15+SQRT(3)*Sheet2!E$16)} -> 18.445614 | D36: {=[1]!UNIFORM_INV(RAND(),Sheet2!F$15-SQRT(3)*Sheet2!F$16,Sheet2!F$15+SQRT(3)*Sheet2!F$16)} -> 14.30979 | E36: {=[1]!UNIFORM_INV(RAND(),Sheet2!G$15-SQRT(3)*Sheet2!G$16,Sheet2!G$15+SQRT(3)*Sheet2!G$16)} -> 20.416747 | F36: {=[1]!UNIFORM_INV(RAND(),Sheet2!H$15-SQRT(3)*Sheet2!H$16,Sheet2!H$15+SQRT(3)*Sheet2!H$16)} -> 27.422485 | G36: {=[1]!UNIFORM_INV(RAND(),Sheet2!I$15-SQRT(3)*Sheet2!I$16,Sheet2!I$15+SQRT(3)*Sheet2!I$16)} -> 12.443557 | H36: {=[1]!UNIFORM_INV(RAND(),Sheet2!J$15-SQRT(3)*Sheet2!J$16,Sheet2!J$15+SQRT(3)*Sheet2!J$16)} -> 20.970633 | ... X36: {=[1]!UNIFORM_INV(RAND(),Sheet2!Z$15-SQRT(3)*Sheet2!Z$16,Sheet2!Z$15+SQRT(3)*Sheet2!Z$16)} -> 7.8502069 | AX36: =Sheet2!C$15+('RNG HERE'!A36-'RNG HERE'!Y$32)*Sheet2!C$16/'RNG HERE'!Y$33 -> 2.5870057 | AY36: =Sheet2!D$15+('RNG HERE'!B36-'RNG HERE'!Z$32)*Sheet2!D$16/'RNG HERE'!Z$33 -> 9.9568977 | AZ36: =Sheet2!E$15+('RNG HERE'!C36-'RNG HERE'!AA$32)*Sheet2!E$16/'RNG HERE'!AA$33 -> 18.591188 | BA36: =Sheet2!F$15+('RNG HERE'!D36-'RNG HERE'!AB$32)*Sheet2!F$16/'RNG HERE'!AB$33 -> 14.602806 | BB36: =Sheet2!G$15+('RNG HERE'!E36-'RNG HERE'!AC$32)*Sheet2!G$16/'RNG HERE'!AC$33 -> 20.050557 | BC36: =Sheet2!H$15+('RNG HERE'!F36-'RNG HERE'!AD$32)*Sheet2!H$16/'RNG HERE'!AD$33 -> 25.612748 | BD36: =Sheet2!I$15+('RNG HERE'!G36-'RNG HERE'!AE$32)*Sheet2!I$16/'RNG HERE'!AE$33 -> 12.420794 | BE36: =Sheet2!J$15+('RNG HERE'!H36-'RNG HERE'!AF$32)*Sheet2!J$16/'RNG HERE'!AF$33 -> 21.053606 | ... BU36: =Sheet2!Z$15+('RNG HERE'!X36-'RNG HERE'!AV$32)*Sheet2!Z$16/'RNG HERE'!AV$33 -> 7.9886372
A37: {=[1]!UNIFORM_INV(RAND(),Sheet2!C$15-SQRT(3)*Sheet2!C$16,Sheet2!C$15+SQRT(3)*Sheet2!C$16)} -> 5.7170643 | B37: {=[1]!UNIFORM_INV(RAND(),Sheet2!D$15-SQRT(3)*Sheet2!D$16,Sheet2!D$15+SQRT(3)*Sheet2!D$16)} -> 9.6376264 | C37: {=[1]!UNIFORM_INV(RAND(),Sheet2!E$15-SQRT(3)*Sheet2!E$16,Sheet2!E$15+SQRT(3)*Sheet2!E$16)} -> 15.759123 | D37: {=[1]!UNIFORM_INV(RAND(),Sheet2!F$15-SQRT(3)*Sheet2!F$16,Sheet2!F$15+SQRT(3)*Sheet2!F$16)} -> 18.488322 | E37: {=[1]!UNIFORM_INV(RAND(),Sheet2!G$15-SQRT(3)*Sheet2!G$16,Sheet2!G$15+SQRT(3)*Sheet2!G$16)} -> 20.479339 | F37: {=[1]!UNIFORM_INV(RAND(),Sheet2!H$15-SQRT(3)*Sheet2!H$16,Sheet2!H$15+SQRT(3)*Sheet2!H$16)} -> 26.502834 | G37: {=[1]!UNIFORM_INV(RAND(),Sheet2!I$15-SQRT(3)*Sheet2!I$16,Sheet2!I$15+SQRT(3)*Sheet2!I$16)} -> 13.387447 | H37: {=[1]!UNIFORM_INV(RAND(),Sheet2!J$15-SQRT(3)*Sheet2!J$16,Sheet2!J$15+SQRT(3)*Sheet2!J$16)} -> 22.107053 | ... X37: {=[1]!UNIFORM_INV(RAND(),Sheet2!Z$15-SQRT(3)*Sheet2!Z$16,Sheet2!Z$15+SQRT(3)*Sheet2!Z$16)} -> 8.9174152 | AX37: =Sheet2!C$15+('RNG HERE'!A37-'RNG HERE'!Y$32)*Sheet2!C$16/'RNG HERE'!Y$33 -> 5.6123703 | AY37: =Sheet2!D$15+('RNG HERE'!B37-'RNG HERE'!Z$32)*Sheet2!D$16/'RNG HERE'!Z$33 -> 9.1926258 | AZ37: =Sheet2!E$15+('RNG HERE'!C37-'RNG HERE'!AA$32)*Sheet2!E$16/'RNG HERE'!AA$33 -> 15.745011 | BA37: =Sheet2!F$15+('RNG HERE'!D37-'RNG HERE'!AB$32)*Sheet2!F$16/'RNG HERE'!AB$33 -> 18.474812 | BB37: =Sheet2!G$15+('RNG HERE'!E37-'RNG HERE'!AC$32)*Sheet2!G$16/'RNG HERE'!AC$33 -> 20.122486 | BC37: =Sheet2!H$15+('RNG HERE'!F37-'RNG HERE'!AD$32)*Sheet2!H$16/'RNG HERE'!AD$33 -> 24.646563 | BD37: =Sheet2!I$15+('RNG HERE'!G37-'RNG HERE'!AE$32)*Sheet2!I$16/'RNG HERE'!AE$33 -> 13.499652 | BE37: =Sheet2!J$15+('RNG HERE'!H37-'RNG HERE'!AF$32)*Sheet2!J$16/'RNG HERE'!AF$33 -> 22.175678 | ... BU37: =Sheet2!Z$15+('RNG HERE'!X37-'RNG HERE'!AV$32)*Sheet2!Z$16/'RNG HERE'!AV$33 -> 9.0735099 | BV37: =COUNT(BU32:BU61) -> 30
A38: {=[1]!UNIFORM_INV(RAND(),Sheet2!C$15-SQRT(3)*Sheet2!C$16,Sheet2!C$15+SQRT(3)*Sheet2!C$16)} -> 4.0358048 | B38: {=[1]!UNIFORM_INV(RAND(),Sheet2!D$15-SQRT(3)*Sheet2!D$16,Sheet2!D$15+SQRT(3)*Sheet2!D$16)} -> 11.351829 | C38: {=[1]!UNIFORM_INV(RAND(),Sheet2!E$15-SQRT(3)*Sheet2!E$16,Sheet2!E$15+SQRT(3)*Sheet2!E$16)} -> 14.567399 | D38: {=[1]!UNIFORM_INV(RAND(),Sheet2!F$15-SQRT(3)*Sheet2!F$16,Sheet2!F$15+SQRT(3)*Sheet2!F$16)} -> 13.606295 | E38: {=[1]!UNIFORM_INV(RAND(),Sheet2!G$15-SQRT(3)*Sheet2!G$16,Sheet2!G$15+SQRT(3)*Sheet2!G$16)} -> 23.394086 | F38: {=[1]!UNIFORM_INV(RAND(),Sheet2!H$15-SQRT(3)*Sheet2!H$16,Sheet2!H$15+SQRT(3)*Sheet2!H$16)} -> 35.148116 | G38: {=[1]!UNIFORM_INV(RAND(),Sheet2!I$15-SQRT(3)*Sheet2!I$16,Sheet2!I$15+SQRT(3)*Sheet2!I$16)} -> 12.970619 | H38: {=[1]!UNIFORM_INV(RAND(),Sheet2!J$15-SQRT(3)*Sheet2!J$16,Sheet2!J$15+SQRT(3)*Sheet2!J$16)} -> 23.697739 | ... X38: {=[1]!UNIFORM_INV(RAND(),Sheet2!Z$15-SQRT(3)*Sheet2!Z$16,Sheet2!Z$15+SQRT(3)*Sheet2!Z$16)} -> 8.6756498 | AX38: =Sheet2!C$15+('RNG HERE'!A38-'RNG HERE'!Y$32)*Sheet2!C$16/'RNG HERE'!Y$33 -> 3.9065315 | AY38: =Sheet2!D$15+('RNG HERE'!B38-'RNG HERE'!Z$32)*Sheet2!D$16/'RNG HERE'!Z$33 -> 11.229391 | AZ38: =Sheet2!E$15+('RNG HERE'!C38-'RNG HERE'!AA$32)*Sheet2!E$16/'RNG HERE'!AA$33 -> 14.482451 | BA38: =Sheet2!F$15+('RNG HERE'!D38-'RNG HERE'!AB$32)*Sheet2!F$16/'RNG HERE'!AB$33 -> 13.950917 | BB38: =Sheet2!G$15+('RNG HERE'!E38-'RNG HERE'!AC$32)*Sheet2!G$16/'RNG HERE'!AC$33 -> 23.472002 | BC38: =Sheet2!H$15+('RNG HERE'!F38-'RNG HERE'!AD$32)*Sheet2!H$16/'RNG HERE'!AD$33 -> 33.729281 | BD38: =Sheet2!I$15+('RNG HERE'!G38-'RNG HERE'!AE$32)*Sheet2!I$16/'RNG HERE'!AE$33 -> 13.023221 | BE38: =Sheet2!J$15+('RNG HERE'!H38-'RNG HERE'!AF$32)*Sheet2!J$16/'RNG HERE'!AF$33 -> 23.746281 | ... BU38: =Sheet2!Z$15+('RNG HERE'!X38-'RNG HERE'!AV$32)*Sheet2!Z$16/'RNG HERE'!AV$33 -> 8.8277428
A39: {=[1]!UNIFORM_INV(RAND(),Sheet2!C$15-SQRT(3)*Sheet2!C$16,Sheet2!C$15+SQRT(3)*Sheet2!C$16)} -> 2.9831514 | B39: {=[1]!UNIFORM_INV(RAND(),Sheet2!D$15-SQRT(3)*Sheet2!D$16,Sheet2!D$15+SQRT(3)*Sheet2!D$16)} -> 11.645158 | C39: {=[1]!UNIFORM_INV(RAND(),Sheet2!E$15-SQRT(3)*Sheet2!E$16,Sheet2!E$15+SQRT(3)*Sheet2!E$16)} -> 16.344687 | D39: {=[1]!UNIFORM_INV(RAND(),Sheet2!F$15-SQRT(3)*Sheet2!F$16,Sheet2!F$15+SQRT(3)*Sheet2!F$16)} -> 13.597672 | E39: {=[1]!UNIFORM_INV(RAND(),Sheet2!G$15-SQRT(3)*Sheet2!G$16,Sheet2!G$15+SQRT(3)*Sheet2!G$16)} -> 26.880824 | F39: {=[1]!UNIFORM_INV(RAND(),Sheet2!H$15-SQRT(3)*Sheet2!H$16,Sheet2!H$15+SQRT(3)*Sheet2!H$16)} -> 31.875071 | G39: {=[1]!UNIFORM_INV(RAND(),Sheet2!I$15-SQRT(3)*Sheet2!I$16,Sheet2!I$15+SQRT(3)*Sheet2!I$16)} -> 13.898168 | H39: {=[1]!UNIFORM_INV(RAND(),Sheet2!J$15-SQRT(3)*Sheet2!J$16,Sheet2!J$15+SQRT(3)*Sheet2!J$16)} -> 23.403474 | ... X39: {=[1]!UNIFORM_INV(RAND(),Sheet2!Z$15-SQRT(3)*Sheet2!Z$16,Sheet2!Z$15+SQRT(3)*Sheet2!Z$16)} -> 8.137544 | AX39: =Sheet2!C$15+('RNG HERE'!A39-'RNG HERE'!Y$32)*Sheet2!C$16/'RNG HERE'!Y$33 -> 2.8384887 | AY39: =Sheet2!D$15+('RNG HERE'!B39-'RNG HERE'!Z$32)*Sheet2!D$16/'RNG HERE'!Z$33 -> 11.577917 | AZ39: =Sheet2!E$15+('RNG HERE'!C39-'RNG HERE'!AA$32)*Sheet2!E$16/'RNG HERE'!AA$33 -> 16.365381 | BA39: =Sheet2!F$15+('RNG HERE'!D39-'RNG HERE'!AB$32)*Sheet2!F$16/'RNG HERE'!AB$33 -> 13.942926 | BB39: =Sheet2!G$15+('RNG HERE'!E39-'RNG HERE'!AC$32)*Sheet2!G$16/'RNG HERE'!AC$33 -> 27.47883 | BC39: =Sheet2!H$15+('RNG HERE'!F39-'RNG HERE'!AD$32)*Sheet2!H$16/'RNG HERE'!AD$33 -> 30.290626 | BD39: =Sheet2!I$15+('RNG HERE'!G39-'RNG HERE'!AE$32)*Sheet2!I$16/'RNG HERE'!AE$33 -> 14.083402 | BE39: =Sheet2!J$15+('RNG HERE'!H39-'RNG HERE'!AF$32)*Sheet2!J$16/'RNG HERE'!AF$33 -> 23.455731 | ... BU39: =Sheet2!Z$15+('RNG HERE'!X39-'RNG HERE'!AV$32)*Sheet2!Z$16/'RNG HERE'!AV$33 -> 8.2807303
A40: {=[1]!UNIFORM_INV(RAND(),Sheet2!C$15-SQRT(3)*Sheet2!C$16,Sheet2!C$15+SQRT(3)*Sheet2!C$16)} -> 4.9251223 | B40: {=[1]!UNIFORM_INV(RAND(),Sheet2!D$15-SQRT(3)*Sheet2!D$16,Sheet2!D$15+SQRT(3)*Sheet2!D$16)} -> 8.7376276 | C40: {=[1]!UNIFORM_INV(RAND(),Sheet2!E$15-SQRT(3)*Sheet2!E$16,Sheet2!E$15+SQRT(3)*Sheet2!E$16)} -> 17.714649 | D40: {=[1]!UNIFORM_INV(RAND(),Sheet2!F$15-SQRT(3)*Sheet2!F$16,Sheet2!F$15+SQRT(3)*Sheet2!F$16)} -> 14.438644 | E40: {=[1]!UNIFORM_INV(RAND(),Sheet2!G$15-SQRT(3)*Sheet2!G$16,Sheet2!G$15+SQRT(3)*Sheet2!G$16)} -> 20.177446 | F40: {=[1]!UNIFORM_INV(RAND(),Sheet2!H$15-SQRT(3)*Sheet2!H$16,Sheet2!H$15+SQRT(3)*Sheet2!H$16)} -> 32.124976 | G40: {=[1]!UNIFORM_INV(RAND(),Sheet2!I$15-SQRT(3)*Sheet2!I$16,Sheet2!I$15+SQRT(3)*Sheet2!I$16)} -> 13.048201 | H40: {=[1]!UNIFORM_INV(RAND(),Sheet2!J$15-SQRT(3)*Sheet2!J$16,Sheet2!J$15+SQRT(3)*Sheet2!J$16)} -> 21.698016 | ... X40: {=[1]!UNIFORM_INV(RAND(),Sheet2!Z$15-SQRT(3)*Sheet2!Z$16,Sheet2!Z$15+SQRT(3)*Sheet2!Z$16)} -> 8.2669992 | AX40: =Sheet2!C$15+('RNG HERE'!A40-'RNG HERE'!Y$32)*Sheet2!C$16/'RNG HERE'!Y$33 -> 4.8088505 | AY40: =Sheet2!D$15+('RNG HERE'!B40-'RNG HERE'!Z$32)*Sheet2!D$16/'RNG HERE'!Z$33 -> 8.1232734 | AZ40: =Sheet2!E$15+('RNG HERE'!C40-'RNG HERE'!AA$32)*Sheet2!E$16/'RNG HERE'!AA$33 -> 17.816774 | BA40: =Sheet2!F$15+('RNG HERE'!D40-'RNG HERE'!AB$32)*Sheet2!F$16/'RNG HERE'!AB$33 -> 14.722207 | BB40: =Sheet2!G$15+('RNG HERE'!E40-'RNG HERE'!AC$32)*Sheet2!G$16/'RNG HERE'!AC$33 -> 19.775562 | BC40: =Sheet2!H$15+('RNG HERE'!F40-'RNG HERE'!AD$32)*Sheet2!H$16/'RNG HERE'!AD$33 -> 30.553175 | BD40: =Sheet2!I$15+('RNG HERE'!G40-'RNG HERE'!AE$32)*Sheet2!I$16/'RNG HERE'!AE$33 -> 13.111897 | BE40: =Sheet2!J$15+('RNG HERE'!H40-'RNG HERE'!AF$32)*Sheet2!J$16/'RNG HERE'!AF$33 -> 21.771806 | ... BU40: =Sheet2!Z$15+('RNG HERE'!X40-'RNG HERE'!AV$32)*Sheet2!Z$16/'RNG HERE'!AV$33 -> 8.4123282
A41: {=[1]!UNIFORM_INV(RAND(),Sheet2!C$15-SQRT(3)*Sheet2!C$16,Sheet2!C$15+SQRT(3)*Sheet2!C$16)} -> 6.4294145 | B41: {=[1]!UNIFORM_INV(RAND(),Sheet2!D$15-SQRT(3)*Sheet2!D$16,Sheet2!D$15+SQRT(3)*Sheet2!D$16)} -> 9.0391768 | C41: {=[1]!UNIFORM_INV(RAND(),Sheet2!E$15-SQRT(3)*Sheet2!E$16,Sheet2!E$15+SQRT(3)*Sheet2!E$16)} -> 16.04711 | D41: {=[1]!UNIFORM_INV(RAND(),Sheet2!F$15-SQRT(3)*Sheet2!F$16,Sheet2!F$15+SQRT(3)*Sheet2!F$16)} -> 17.885093 | E41: {=[1]!UNIFORM_INV(RAND(),Sheet2!G$15-SQRT(3)*Sheet2!G$16,Sheet2!G$15+SQRT(3)*Sheet2!G$16)} -> 20.449164 | F41: {=[1]!UNIFORM_INV(RAND(),Sheet2!H$15-SQRT(3)*Sheet2!H$16,Sheet2!H$15+SQRT(3)*Sheet2!H$16)} -> 34.027822 | G41: {=[1]!UNIFORM_INV(RAND(),Sheet2!I$15-SQRT(3)*Sheet2!I$16,Sheet2!I$15+SQRT(3)*Sheet2!I$16)} -> 11.689616 | H41: {=[1]!UNIFORM_INV(RAND(),Sheet2!J$15-SQRT(3)*Sheet2!J$16,Sheet2!J$15+SQRT(3)*Sheet2!J$16)} -> 22.918743 | ... X41: {=[1]!UNIFORM_INV(RAND(),Sheet2!Z$15-SQRT(3)*Sheet2!Z$16,Sheet2!Z$15+SQRT(3)*Sheet2!Z$16)} -> 8.7513445 | AX41: =Sheet2!C$15+('RNG HERE'!A41-'RNG HERE'!Y$32)*Sheet2!C$16/'RNG HERE'!Y$33 -> 6.3351348 | AY41: =Sheet2!D$15+('RNG HERE'!B41-'RNG HERE'!Z$32)*Sheet2!D$16/'RNG HERE'!Z$33 -> 8.4815654 | AZ41: =Sheet2!E$15+('RNG HERE'!C41-'RNG HERE'!AA$32)*Sheet2!E$16/'RNG HERE'!AA$33 -> 16.050117 | BA41: =Sheet2!F$15+('RNG HERE'!D41-'RNG HERE'!AB$32)*Sheet2!F$16/'RNG HERE'!AB$33 -> 17.915834 | BB41: =Sheet2!G$15+('RNG HERE'!E41-'RNG HERE'!AC$32)*Sheet2!G$16/'RNG HERE'!AC$33 -> 20.08781 | BC41: =Sheet2!H$15+('RNG HERE'!F41-'RNG HERE'!AD$32)*Sheet2!H$16/'RNG HERE'!AD$33 -> 32.552302 | BD41: =Sheet2!I$15+('RNG HERE'!G41-'RNG HERE'!AE$32)*Sheet2!I$16/'RNG HERE'!AE$33 -> 11.559046 | BE41: =Sheet2!J$15+('RNG HERE'!H41-'RNG HERE'!AF$32)*Sheet2!J$16/'RNG HERE'!AF$33 -> 22.97712 | ... BU41: =Sheet2!Z$15+('RNG HERE'!X41-'RNG HERE'!AV$32)*Sheet2!Z$16/'RNG HERE'!AV$33 -> 8.9046904
A42: {=[1]!UNIFORM_INV(RAND(),Sheet2!C$15-SQRT(3)*Sheet2!C$16,Sheet2!C$15+SQRT(3)*Sheet2!C$16)} -> 3.3425836 | B42: {=[1]!UNIFORM_INV(RAND(),Sheet2!D$15-SQRT(3)*Sheet2!D$16,Sheet2!D$15+SQRT(3)*Sheet2!D$16)} -> 8.2345219 | C42: {=[1]!UNIFORM_INV(RAND(),Sheet2!E$15-SQRT(3)*Sheet2!E$16,Sheet2!E$15+SQRT(3)*Sheet2!E$16)} -> 18.963437 | D42: {=[1]!UNIFORM_INV(RAND(),Sheet2!F$15-SQRT(3)*Sheet2!F$16,Sheet2!F$15+SQRT(3)*Sheet2!F$16)} -> 18.20202 | E42: {=[1]!UNIFORM_INV(RAND(),Sheet2!G$15-SQRT(3)*Sheet2!G$16,Sheet2!G$15+SQRT(3)*Sheet2!G$16)} -> 24.663726 | F42: {=[1]!UNIFORM_INV(RAND(),Sheet2!H$15-SQRT(3)*Sheet2!H$16,Sheet2!H$15+SQRT(3)*Sheet2!H$16)} -> 35.3915 | G42: {=[1]!UNIFORM_INV(RAND(),Sheet2!I$15-SQRT(3)*Sheet2!I$16,Sheet2!I$15+SQRT(3)*Sheet2!I$16)} -> 13.348169 | H42: {=[1]!UNIFORM_INV(RAND(),Sheet2!J$15-SQRT(3)*Sheet2!J$16,Sheet2!J$15+SQRT(3)*Sheet2!J$16)} -> 22.847982 | ... X42: {=[1]!UNIFORM_INV(RAND(),Sheet2!Z$15-SQRT(3)*Sheet2!Z$16,Sheet2!Z$15+SQRT(3)*Sheet2!Z$16)} -> 7.8119424 | AX42: =Sheet2!C$15+('RNG HERE'!A42-'RNG HERE'!Y$32)*Sheet2!C$16/'RNG HERE'!Y$33 -> 3.2031757 | AY42: =Sheet2!D$15+('RNG HERE'!B42-'RNG HERE'!Z$32)*Sheet2!D$16/'RNG HERE'!Z$33 -> 7.5254978 | AZ42: =Sheet2!E$15+('RNG HERE'!C42-'RNG HERE'!AA$32)*Sheet2!E$16/'RNG HERE'!AA$33 -> 19.139791 | BA42: =Sheet2!F$15+('RNG HERE'!D42-'RNG HERE'!AB$32)*Sheet2!F$16/'RNG HERE'!AB$33 -> 18.209512 | BB42: =Sheet2!G$15+('RNG HERE'!E42-'RNG HERE'!AC$32)*Sheet2!G$16/'RNG HERE'!AC$33 -> 24.931025 | BC42: =Sheet2!H$15+('RNG HERE'!F42-'RNG HERE'!AD$32)*Sheet2!H$16/'RNG HERE'!AD$33 -> 33.984979 | BD42: =Sheet2!I$15+('RNG HERE'!G42-'RNG HERE'!AE$32)*Sheet2!I$16/'RNG HERE'!AE$33 -> 13.454758 | BE42: =Sheet2!J$15+('RNG HERE'!H42-'RNG HERE'!AF$32)*Sheet2!J$16/'RNG HERE'!AF$33 -> 22.907252 | ... BU42: =Sheet2!Z$15+('RNG HERE'!X42-'RNG HERE'!AV$32)*Sheet2!Z$16/'RNG HERE'!AV$33 -> 7.9497393
A43: {=[1]!UNIFORM_INV(RAND(),Sheet2!C$15-SQRT(3)*Sheet2!C$16,Sheet2!C$15+SQRT(3)*Sheet2!C$16)} -> 5.4347394 | B43: {=[1]!UNIFORM_INV(RAND(),Sheet2!D$15-SQRT(3)*Sheet2!D$16,Sheet2!D$15+SQRT(3)*Sheet2!D$16)} -> 9.0104039 | C43: {=[1]!UNIFORM_INV(RAND(),Sheet2!E$15-SQRT(3)*Sheet2!E$16,Sheet2!E$15+SQRT(3)*Sheet2!E$16)} -> 19.204115 | D43: {=[1]!UNIFORM_INV(RAND(),Sheet2!F$15-SQRT(3)*Sheet2!F$16,Sheet2!F$15+SQRT(3)*Sheet2!F$16)} -> 19.304152 | E43: {=[1]!UNIFORM_INV(RAND(),Sheet2!G$15-SQRT(3)*Sheet2!G$16,Sheet2!G$15+SQRT(3)*Sheet2!G$16)} -> 17.333273 | F43: {=[1]!UNIFORM_INV(RAND(),Sheet2!H$15-SQRT(3)*Sheet2!H$16,Sheet2!H$15+SQRT(3)*Sheet2!H$16)} -> 29.588445 | G43: {=[1]!UNIFORM_INV(RAND(),Sheet2!I$15-SQRT(3)*Sheet2!I$16,Sheet2!I$15+SQRT(3)*Sheet2!I$16)} -> 13.701001 | H43: {=[1]!UNIFORM_INV(RAND(),Sheet2!J$15-SQRT(3)*Sheet2!J$16,Sheet2!J$15+SQRT(3)*Sheet2!J$16)} -> 22.235997 | ... X43: {=[1]!UNIFORM_INV(RAND(),Sheet2!Z$15-SQRT(3)*Sheet2!Z$16,Sheet2!Z$15+SQRT(3)*Sheet2!Z$16)} -> 8.068321 | AX43: =Sheet2!C$15+('RNG HERE'!A43-'RNG HERE'!Y$32)*Sheet2!C$16/'RNG HERE'!Y$33 -> 5.325918 | AY43: =Sheet2!D$15+('RNG HERE'!B43-'RNG HERE'!Z$32)*Sheet2!D$16/'RNG HERE'!Z$33 -> 8.4473783 | AZ43: =Sheet2!E$15+('RNG HERE'!C43-'RNG HERE'!AA$32)*Sheet2!E$16/'RNG HERE'!AA$33 -> 19.394775 | BA43: =Sheet2!F$15+('RNG HERE'!D43-'RNG HERE'!AB$32)*Sheet2!F$16/'RNG HERE'!AB$33 -> 19.230794 | BB43: =Sheet2!G$15+('RNG HERE'!E43-'RNG HERE'!AC$32)*Sheet2!G$16/'RNG HERE'!AC$33 -> 16.507145 | BC43: =Sheet2!H$15+('RNG HERE'!F43-'RNG HERE'!AD$32)*Sheet2!H$16/'RNG HERE'!AD$33 -> 27.888301 | BD43: =Sheet2!I$15+('RNG HERE'!G43-'RNG HERE'!AE$32)*Sheet2!I$16/'RNG HERE'!AE$33 -> 13.858041 | BE43: =Sheet2!J$15+('RNG HERE'!H43-'RNG HERE'!AF$32)*Sheet2!J$16/'RNG HERE'!AF$33 -> 22.302994 | ... BU43: =Sheet2!Z$15+('RNG HERE'!X43-'RNG HERE'!AV$32)*Sheet2!Z$16/'RNG HERE'!AV$33 -> 8.2103615
A44: {=[1]!UNIFORM_INV(RAND(),Sheet2!C$15-SQRT(3)*Sheet2!C$16,Sheet2!C$15+SQRT(3)*Sheet2!C$16)} -> 5.4451883 | B44: {=[1]!UNIFORM_INV(RAND(),Sheet2!D$15-SQRT(3)*Sheet2!D$16,Sheet2!D$15+SQRT(3)*Sheet2!D$16)} -> 6.0917506 | C44: {=[1]!UNIFORM_INV(RAND(),Sheet2!E$15-SQRT(3)*Sheet2!E$16,Sheet2!E$15+SQRT(3)*Sheet2!E$16)} -> 15.624157 | D44: {=[1]!UNIFORM_INV(RAND(),Sheet2!F$15-SQRT(3)*Sheet2!F$16,Sheet2!F$15+SQRT(3)*Sheet2!F$16)} -> 14.329451 | E44: {=[1]!UNIFORM_INV(RAND(),Sheet2!G$15-SQRT(3)*Sheet2!G$16,Sheet2!G$15+SQRT(3)*Sheet2!G$16)} -> 19.794472 | F44: {=[1]!UNIFORM_INV(RAND(),Sheet2!H$15-SQRT(3)*Sheet2!H$16,Sheet2!H$15+SQRT(3)*Sheet2!H$16)} -> 27.268381 | G44: {=[1]!UNIFORM_INV(RAND(),Sheet2!I$15-SQRT(3)*Sheet2!I$16,Sheet2!I$15+SQRT(3)*Sheet2!I$16)} -> 12.218084 | H44: {=[1]!UNIFORM_INV(RAND(),Sheet2!J$15-SQRT(3)*Sheet2!J$16,Sheet2!J$15+SQRT(3)*Sheet2!J$16)} -> 21.451497 | ... X44: {=[1]!UNIFORM_INV(RAND(),Sheet2!Z$15-SQRT(3)*Sheet2!Z$16,Sheet2!Z$15+SQRT(3)*Sheet2!Z$16)} -> 7.4223974 | AX44: =Sheet2!C$15+('RNG HERE'!A44-'RNG HERE'!Y$32)*Sheet2!C$16/'RNG HERE'!Y$33 -> 5.3365196 | AY44: =Sheet2!D$15+('RNG HERE'!B44-'RNG HERE'!Z$32)*Sheet2!D$16/'RNG HERE'!Z$33 -> 4.979519 | AZ44: =Sheet2!E$15+('RNG HERE'!C44-'RNG HERE'!AA$32)*Sheet2!E$16/'RNG HERE'!AA$33 -> 15.602023 | BA44: =Sheet2!F$15+('RNG HERE'!D44-'RNG HERE'!AB$32)*Sheet2!F$16/'RNG HERE'!AB$33 -> 14.621024 | BB44: =Sheet2!G$15+('RNG HERE'!E44-'RNG HERE'!AC$32)*Sheet2!G$16/'RNG HERE'!AC$33 -> 19.335462 | BC44: =Sheet2!H$15+('RNG HERE'!F44-'RNG HERE'!AD$32)*Sheet2!H$16/'RNG HERE'!AD$33 -> 25.450846 | BD44: =Sheet2!I$15+('RNG HERE'!G44-'RNG HERE'!AE$32)*Sheet2!I$16/'RNG HERE'!AE$33 -> 12.16308 | BE44: =Sheet2!J$15+('RNG HERE'!H44-'RNG HERE'!AF$32)*Sheet2!J$16/'RNG HERE'!AF$33 -> 21.5284 | ... BU44: =Sheet2!Z$15+('RNG HERE'!X44-'RNG HERE'!AV$32)*Sheet2!Z$16/'RNG HERE'!AV$33 -> 7.5537467
A45: {=[1]!UNIFORM_INV(RAND(),Sheet2!C$15-SQRT(3)*Sheet2!C$16,Sheet2!C$15+SQRT(3)*Sheet2!C$16)} -> 4.5624749 | B45: {=[1]!UNIFORM_INV(RAND(),Sheet2!D$15-SQRT(3)*Sheet2!D$16,Sheet2!D$15+SQRT(3)*Sheet2!D$16)} -> 11.544155 | C45: {=[1]!UNIFORM_INV(RAND(),Sheet2!E$15-SQRT(3)*Sheet2!E$16,Sheet2!E$15+SQRT(3)*Sheet2!E$16)} -> 17.472979 | D45: {=[1]!UNIFORM_INV(RAND(),Sheet2!F$15-SQRT(3)*Sheet2!F$16,Sheet2!F$15+SQRT(3)*Sheet2!F$16)} -> 13.519105 | E45: {=[1]!UNIFORM_INV(RAND(),Sheet2!G$15-SQRT(3)*Sheet2!G$16,Sheet2!G$15+SQRT(3)*Sheet2!G$16)} -> 27.832173 | F45: {=[1]!UNIFORM_INV(RAND(),Sheet2!H$15-SQRT(3)*Sheet2!H$16,Sheet2!H$15+SQRT(3)*Sheet2!H$16)} -> 36.054801 | G45: {=[1]!UNIFORM_INV(RAND(),Sheet2!I$15-SQRT(3)*Sheet2!I$16,Sheet2!I$15+SQRT(3)*Sheet2!I$16)} -> 13.550256 | H45: {=[1]!UNIFORM_INV(RAND(),Sheet2!J$15-SQRT(3)*Sheet2!J$16,Sheet2!J$15+SQRT(3)*Sheet2!J$16)} -> 20.703619 | ... X45: {=[1]!UNIFORM_INV(RAND(),Sheet2!Z$15-SQRT(3)*Sheet2!Z$16,Sheet2!Z$15+SQRT(3)*Sheet2!Z$16)} -> 7.6629162 | AX45: =Sheet2!C$15+('RNG HERE'!A45-'RNG HERE'!Y$32)*Sheet2!C$16/'RNG HERE'!Y$33 -> 4.4409013 | AY45: =Sheet2!D$15+('RNG HERE'!B45-'RNG HERE'!Z$32)*Sheet2!D$16/'RNG HERE'!Z$33 -> 11.457908 | AZ45: =Sheet2!E$15+('RNG HERE'!C45-'RNG HERE'!AA$32)*Sheet2!E$16/'RNG HERE'!AA$33 -> 17.56074 | BA45: =Sheet2!F$15+('RNG HERE'!D45-'RNG HERE'!AB$32)*Sheet2!F$16/'RNG HERE'!AB$33 -> 13.870123 | BB45: =Sheet2!G$15+('RNG HERE'!E45-'RNG HERE'!AC$32)*Sheet2!G$16/'RNG HERE'!AC$33 -> 28.572085 | BC45: =Sheet2!H$15+('RNG HERE'!F45-'RNG HERE'!AD$32)*Sheet2!H$16/'RNG HERE'!AD$33 -> 34.681842 | BD45: =Sheet2!I$15+('RNG HERE'!G45-'RNG HERE'!AE$32)*Sheet2!I$16/'RNG HERE'!AE$33 -> 13.685741 | BE45: =Sheet2!J$15+('RNG HERE'!H45-'RNG HERE'!AF$32)*Sheet2!J$16/'RNG HERE'!AF$33 -> 20.789964 | ... BU45: =Sheet2!Z$15+('RNG HERE'!X45-'RNG HERE'!AV$32)*Sheet2!Z$16/'RNG HERE'!AV$33 -> 7.7982465
A46: {=[1]!UNIFORM_INV(RAND(),Sheet2!C$15-SQRT(3)*Sheet2!C$16,Sheet2!C$15+SQRT(3)*Sheet2!C$16)} -> 5.5514219 | B46: {=[1]!UNIFORM_INV(RAND(),Sheet2!D$15-SQRT(3)*Sheet2!D$16,Sheet2!D$15+SQRT(3)*Sheet2!D$16)} -> 10.428635 | C46: {=[1]!UNIFORM_INV(RAND(),Sheet2!E$15-SQRT(3)*Sheet2!E$16,Sheet2!E$15+SQRT(3)*Sheet2!E$16)} -> 19.431698 | D46: {=[1]!UNIFORM_INV(RAND(),Sheet2!F$15-SQRT(3)*Sheet2!F$16,Sheet2!F$15+SQRT(3)*Sheet2!F$16)} -> 13.359894 | E46: {=[1]!UNIFORM_INV(RAND(),Sheet2!G$15-SQRT(3)*Sheet2!G$16,Sheet2!G$15+SQRT(3)*Sheet2!G$16)} -> 23.776387 | F46: {=[1]!UNIFORM_INV(RAND(),Sheet2!H$15-SQRT(3)*Sheet2!H$16,Sheet2!H$15+SQRT(3)*Sheet2!H$16)} -> 35.857375 | G46: {=[1]!UNIFORM_INV(RAND(),Sheet2!I$15-SQRT(3)*Sheet2!I$16,Sheet2!I$15+SQRT(3)*Sheet2!I$16)} -> 12.673505 | H46: {=[1]!UNIFORM_INV(RAND(),Sheet2!J$15-SQRT(3)*Sheet2!J$16,Sheet2!J$15+SQRT(3)*Sheet2!J$16)} -> 22.940783 | ... X46: {=[1]!UNIFORM_INV(RAND(),Sheet2!Z$15-SQRT(3)*Sheet2!Z$16,Sheet2!Z$15+SQRT(3)*Sheet2!Z$16)} -> 8.3540599 | AX46: =Sheet2!C$15+('RNG HERE'!A46-'RNG HERE'!Y$32)*Sheet2!C$16/'RNG HERE'!Y$33 -> 5.4443063 | AY46: =Sheet2!D$15+('RNG HERE'!B46-'RNG HERE'!Z$32)*Sheet2!D$16/'RNG HERE'!Z$33 -> 10.132479 | AZ46: =Sheet2!E$15+('RNG HERE'!C46-'RNG HERE'!AA$32)*Sheet2!E$16/'RNG HERE'!AA$33 -> 19.635885 | BA46: =Sheet2!F$15+('RNG HERE'!D46-'RNG HERE'!AB$32)*Sheet2!F$16/'RNG HERE'!AB$33 -> 13.722592 | BB46: =Sheet2!G$15+('RNG HERE'!E46-'RNG HERE'!AC$32)*Sheet2!G$16/'RNG HERE'!AC$33 -> 23.911329 | BC46: =Sheet2!H$15+('RNG HERE'!F46-'RNG HERE'!AD$32)*Sheet2!H$16/'RNG HERE'!AD$33 -> 34.474427 | BD46: =Sheet2!I$15+('RNG HERE'!G46-'RNG HERE'!AE$32)*Sheet2!I$16/'RNG HERE'!AE$33 -> 12.683623 | BE46: =Sheet2!J$15+('RNG HERE'!H46-'RNG HERE'!AF$32)*Sheet2!J$16/'RNG HERE'!AF$33 -> 22.998882 | ... BU46: =Sheet2!Z$15+('RNG HERE'!X46-'RNG HERE'!AV$32)*Sheet2!Z$16/'RNG HERE'!AV$33 -> 8.5008299
A47: {=[1]!UNIFORM_INV(RAND(),Sheet2!C$15-SQRT(3)*Sheet2!C$16,Sheet2!C$15+SQRT(3)*Sheet2!C$16)} -> 3.1231007 | B47: {=[1]!UNIFORM_INV(RAND(),Sheet2!D$15-SQRT(3)*Sheet2!D$16,Sheet2!D$15+SQRT(3)*Sheet2!D$16)} -> 10.96706 | C47: {=[1]!UNIFORM_INV(RAND(),Sheet2!E$15-SQRT(3)*Sheet2!E$16,Sheet2!E$15+SQRT(3)*Sheet2!E$16)} -> 17.659632 | D47: {=[1]!UNIFORM_INV(RAND(),Sheet2!F$15-SQRT(3)*Sheet2!F$16,Sheet2!F$15+SQRT(3)*Sheet2!F$16)} -> 16.475856 | E47: {=[1]!UNIFORM_INV(RAND(),Sheet2!G$15-SQRT(3)*Sheet2!G$16,Sheet2!G$15+SQRT(3)*Sheet2!G$16)} -> 17.546051 | F47: {=[1]!UNIFORM_INV(RAND(),Sheet2!H$15-SQRT(3)*Sheet2!H$16,Sheet2!H$15+SQRT(3)*Sheet2!H$16)} -> 32.423633 | G47: {=[1]!UNIFORM_INV(RAND(),Sheet2!I$15-SQRT(3)*Sheet2!I$16,Sheet2!I$15+SQRT(3)*Sheet2!I$16)} -> 12.023332 | H47: {=[1]!UNIFORM_INV(RAND(),Sheet2!J$15-SQRT(3)*Sheet2!J$16,Sheet2!J$15+SQRT(3)*Sheet2!J$16)} -> 22.784777 | ... X47: {=[1]!UNIFORM_INV(RAND(),Sheet2!Z$15-SQRT(3)*Sheet2!Z$16,Sheet2!Z$15+SQRT(3)*Sheet2!Z$16)} -> 8.5132668 | AX47: =Sheet2!C$15+('RNG HERE'!A47-'RNG HERE'!Y$32)*Sheet2!C$16/'RNG HERE'!Y$33 -> 2.980484 | AY47: =Sheet2!D$15+('RNG HERE'!B47-'RNG HERE'!Z$32)*Sheet2!D$16/'RNG HERE'!Z$33 -> 10.77222 | AZ47: =Sheet2!E$15+('RNG HERE'!C47-'RNG HERE'!AA$32)*Sheet2!E$16/'RNG HERE'!AA$33 -> 17.758487 | BA47: =Sheet2!F$15+('RNG HERE'!D47-'RNG HERE'!AB$32)*Sheet2!F$16/'RNG HERE'!AB$33 -> 16.609974 | BB47: =Sheet2!G$15+('RNG HERE'!E47-'RNG HERE'!AC$32)*Sheet2!G$16/'RNG HERE'!AC$33 -> 16.751663 | BC47: =Sheet2!H$15+('RNG HERE'!F47-'RNG HERE'!AD$32)*Sheet2!H$16/'RNG HERE'!AD$33 -> 30.866943 | BD47: =Sheet2!I$15+('RNG HERE'!G47-'RNG HERE'!AE$32)*Sheet2!I$16/'RNG HERE'!AE$33 -> 11.94048 | BE47: =Sheet2!J$15+('RNG HERE'!H47-'RNG HERE'!AF$32)*Sheet2!J$16/'RNG HERE'!AF$33 -> 22.844846 | ... BU47: =Sheet2!Z$15+('RNG HERE'!X47-'RNG HERE'!AV$32)*Sheet2!Z$16/'RNG HERE'!AV$33 -> 8.662672
A48: {=[1]!UNIFORM_INV(RAND(),Sheet2!C$15-SQRT(3)*Sheet2!C$16,Sheet2!C$15+SQRT(3)*Sheet2!C$16)} -> 2.7686593 | B48: {=[1]!UNIFORM_INV(RAND(),Sheet2!D$15-SQRT(3)*Sheet2!D$16,Sheet2!D$15+SQRT(3)*Sheet2!D$16)} -> 6.5887928 | C48: {=[1]!UNIFORM_INV(RAND(),Sheet2!E$15-SQRT(3)*Sheet2!E$16,Sheet2!E$15+SQRT(3)*Sheet2!E$16)} -> 17.300055 | D48: {=[1]!UNIFORM_INV(RAND(),Sheet2!F$15-SQRT(3)*Sheet2!F$16,Sheet2!F$15+SQRT(3)*Sheet2!F$16)} -> 20.332613 | E48: {=[1]!UNIFORM_INV(RAND(),Sheet2!G$15-SQRT(3)*Sheet2!G$16,Sheet2!G$15+SQRT(3)*Sheet2!G$16)} -> 18.308679 | F48: {=[1]!UNIFORM_INV(RAND(),Sheet2!H$15-SQRT(3)*Sheet2!H$16,Sheet2!H$15+SQRT(3)*Sheet2!H$16)} -> 35.764484 | G48: {=[1]!UNIFORM_INV(RAND(),Sheet2!I$15-SQRT(3)*Sheet2!I$16,Sheet2!I$15+SQRT(3)*Sheet2!I$16)} -> 11.844414 | H48: {=[1]!UNIFORM_INV(RAND(),Sheet2!J$15-SQRT(3)*Sheet2!J$16,Sheet2!J$15+SQRT(3)*Sheet2!J$16)} -> 23.051244 | ... X48: {=[1]!UNIFORM_INV(RAND(),Sheet2!Z$15-SQRT(3)*Sheet2!Z$16,Sheet2!Z$15+SQRT(3)*Sheet2!Z$16)} -> 8.1972123 | AX48: =Sheet2!C$15+('RNG HERE'!A48-'RNG HERE'!Y$32)*Sheet2!C$16/'RNG HERE'!Y$33 -> 2.6208609 | AY48: =Sheet2!D$15+('RNG HERE'!B48-'RNG HERE'!Z$32)*Sheet2!D$16/'RNG HERE'!Z$33 -> 5.5700901 | AZ48: =Sheet2!E$15+('RNG HERE'!C48-'RNG HERE'!AA$32)*Sheet2!E$16/'RNG HERE'!AA$33 -> 17.377537 | BA48: =Sheet2!F$15+('RNG HERE'!D48-'RNG HERE'!AB$32)*Sheet2!F$16/'RNG HERE'!AB$33 -> 20.183811 | BB48: =Sheet2!G$15+('RNG HERE'!E48-'RNG HERE'!AC$32)*Sheet2!G$16/'RNG HERE'!AC$33 -> 17.628045 | BC48: =Sheet2!H$15+('RNG HERE'!F48-'RNG HERE'!AD$32)*Sheet2!H$16/'RNG HERE'!AD$33 -> 34.376835 | BD48: =Sheet2!I$15+('RNG HERE'!G48-'RNG HERE'!AE$32)*Sheet2!I$16/'RNG HERE'!AE$33 -> 11.735979 | BE48: =Sheet2!J$15+('RNG HERE'!H48-'RNG HERE'!AF$32)*Sheet2!J$16/'RNG HERE'!AF$33 -> 23.107948 | ... BU48: =Sheet2!Z$15+('RNG HERE'!X48-'RNG HERE'!AV$32)*Sheet2!Z$16/'RNG HERE'!AV$33 -> 8.3413863
A49: {=[1]!UNIFORM_INV(RAND(),Sheet2!C$15-SQRT(3)*Sheet2!C$16,Sheet2!C$15+SQRT(3)*Sheet2!C$16)} -> 5.6510857 | B49: {=[1]!UNIFORM_INV(RAND(),Sheet2!D$15-SQRT(3)*Sheet2!D$16,Sheet2!D$15+SQRT(3)*Sheet2!D$16)} -> 11.032547 | C49: {=[1]!UNIFORM_INV(RAND(),Sheet2!E$15-SQRT(3)*Sheet2!E$16,Sheet2!E$15+SQRT(3)*Sheet2!E$16)} -> 15.9131 | D49: {=[1]!UNIFORM_INV(RAND(),Sheet2!F$15-SQRT(3)*Sheet2!F$16,Sheet2!F$15+SQRT(3)*Sheet2!F$16)} -> 20.444698 | E49: {=[1]!UNIFORM_INV(RAND(),Sheet2!G$15-SQRT(3)*Sheet2!G$16,Sheet2!G$15+SQRT(3)*Sheet2!G$16)} -> 20.51696 | F49: {=[1]!UNIFORM_INV(RAND(),Sheet2!H$15-SQRT(3)*Sheet2!H$16,Sheet2!H$15+SQRT(3)*Sheet2!H$16)} -> 34.984255 | G49: {=[1]!UNIFORM_INV(RAND(),Sheet2!I$15-SQRT(3)*Sheet2!I$16,Sheet2!I$15+SQRT(3)*Sheet2!I$16)} -> 13.053409 | H49: {=[1]!UNIFORM_INV(RAND(),Sheet2!J$15-SQRT(3)*Sheet2!J$16,Sheet2!J$15+SQRT(3)*Sheet2!J$16)} -> 22.316884 | ... X49: {=[1]!UNIFORM_INV(RAND(),Sheet2!Z$15-SQRT(3)*Sheet2!Z$16,Sheet2!Z$15+SQRT(3)*Sheet2!Z$16)} -> 7.7077192 | AX49: =Sheet2!C$15+('RNG HERE'!A49-'RNG HERE'!Y$32)*Sheet2!C$16/'RNG HERE'!Y$33 -> 5.5454271 | AY49: =Sheet2!D$15+('RNG HERE'!B49-'RNG HERE'!Z$32)*Sheet2!D$16/'RNG HERE'!Z$33 -> 10.85003 | AZ49: =Sheet2!E$15+('RNG HERE'!C49-'RNG HERE'!AA$32)*Sheet2!E$16/'RNG HERE'!AA$33 -> 15.908141 | BA49: =Sheet2!F$15+('RNG HERE'!D49-'RNG HERE'!AB$32)*Sheet2!F$16/'RNG HERE'!AB$33 -> 20.287674 | BB49: =Sheet2!G$15+('RNG HERE'!E49-'RNG HERE'!AC$32)*Sheet2!G$16/'RNG HERE'!AC$33 -> 20.165719 | BC49: =Sheet2!H$15+('RNG HERE'!F49-'RNG HERE'!AD$32)*Sheet2!H$16/'RNG HERE'!AD$33 -> 33.557128 | BD49: =Sheet2!I$15+('RNG HERE'!G49-'RNG HERE'!AE$32)*Sheet2!I$16/'RNG HERE'!AE$33 -> 13.117849 | BE49: =Sheet2!J$15+('RNG HERE'!H49-'RNG HERE'!AF$32)*Sheet2!J$16/'RNG HERE'!AF$33 -> 22.38286 | ... BU49: =Sheet2!Z$15+('RNG HERE'!X49-'RNG HERE'!AV$32)*Sheet2!Z$16/'RNG HERE'!AV$33 -> 7.8437911
... A61: {=[1]!UNIFORM_INV(RAND(),Sheet2!C$15-SQRT(3)*Sheet2!C$16,Sheet2!C$15+SQRT(3)*Sheet2!C$16)} -> 4.2281753 | B61: {=[1]!UNIFORM_INV(RAND(),Sheet2!D$15-SQRT(3)*Sheet2!D$16,Sheet2!D$15+SQRT(3)*Sheet2!D$16)} -> 9.7288266 | C61: {=[1]!UNIFORM_INV(RAND(),Sheet2!E$15-SQRT(3)*Sheet2!E$16,Sheet2!E$15+SQRT(3)*Sheet2!E$16)} -> 18.893112 | D61: {=[1]!UNIFORM_INV(RAND(),Sheet2!F$15-SQRT(3)*Sheet2!F$16,Sheet2!F$15+SQRT(3)*Sheet2!F$16)} -> 20.006633 | E61: {=[1]!UNIFORM_INV(RAND(),Sheet2!G$15-SQRT(3)*Sheet2!G$16,Sheet2!G$15+SQRT(3)*Sheet2!G$16)} -> 26.190121 | F61: {=[1]!UNIFORM_INV(RAND(),Sheet2!H$15-SQRT(3)*Sheet2!H$16,Sheet2!H$15+SQRT(3)*Sheet2!H$16)} -> 33.704174 | G61: {=[1]!UNIFORM_INV(RAND(),Sheet2!I$15-SQRT(3)*Sheet2!I$16,Sheet2!I$15+SQRT(3)*Sheet2!I$16)} -> 12.016856 | H61: {=[1]!UNIFORM_INV(RAND(),Sheet2!J$15-SQRT(3)*Sheet2!J$16,Sheet2!J$15+SQRT(3)*Sheet2!J$16)} -> 23.676812 | ... X61: {=[1]!UNIFORM_INV(RAND(),Sheet2!Z$15-SQRT(3)*Sheet2!Z$16,Sheet2!Z$15+SQRT(3)*Sheet2!Z$16)} -> 7.3459017 | AX61: =Sheet2!C$15+('RNG HERE'!A61-'RNG HERE'!Y$32)*Sheet2!C$16/'RNG HERE'!Y$33 -> 4.1017144 | AY61: =Sheet2!D$15+('RNG HERE'!B61-'RNG HERE'!Z$32)*Sheet2!D$16/'RNG HERE'!Z$33 -> 9.3009874 | AZ61: =Sheet2!E$15+('RNG HERE'!C61-'RNG HERE'!AA$32)*Sheet2!E$16/'RNG HERE'!AA$33 -> 19.065286 | BA61: =Sheet2!F$15+('RNG HERE'!D61-'RNG HERE'!AB$32)*Sheet2!F$16/'RNG HERE'!AB$33 -> 19.881744 | BB61: =Sheet2!G$15+('RNG HERE'!E61-'RNG HERE'!AC$32)*Sheet2!G$16/'RNG HERE'!AC$33 -> 26.685101 | BC61: =Sheet2!H$15+('RNG HERE'!F61-'RNG HERE'!AD$32)*Sheet2!H$16/'RNG HERE'!AD$33 -> 32.212278 | BD61: =Sheet2!I$15+('RNG HERE'!G61-'RNG HERE'!AE$32)*Sheet2!I$16/'RNG HERE'!AE$33 -> 11.933078 | BE61: =Sheet2!J$15+('RNG HERE'!H61-'RNG HERE'!AF$32)*Sheet2!J$16/'RNG HERE'!AF$33 -> 23.725618 | ... BU61: =Sheet2!Z$15+('RNG HERE'!X61-'RNG HERE'!AV$32)*Sheet2!Z$16/'RNG HERE'!AV$33 -> 7.4759848
A62: {=[1]!UNIFORM_INV(RAND(),Sheet2!C$17-SQRT(3)*Sheet2!C$18,Sheet2!C$17+SQRT(3)*Sheet2!C$18)} -> 4.7100596 | B62: {=[1]!UNIFORM_INV(RAND(),Sheet2!D$17-SQRT(3)*Sheet2!D$18,Sheet2!D$17+SQRT(3)*Sheet2!D$18)} -> 5.5261348 | C62: {=[1]!UNIFORM_INV(RAND(),Sheet2!E$17-SQRT(3)*Sheet2!E$18,Sheet2!E$17+SQRT(3)*Sheet2!E$18)} -> 28.976103 | D62: {=[1]!UNIFORM_INV(RAND(),Sheet2!F$17-SQRT(3)*Sheet2!F$18,Sheet2!F$17+SQRT(3)*Sheet2!F$18)} -> -1.8913225 | E62: {=[1]!UNIFORM_INV(RAND(),Sheet2!G$17-SQRT(3)*Sheet2!G$18,Sheet2!G$17+SQRT(3)*Sheet2!G$18)} -> 33.415742 | F62: {=[1]!UNIFORM_INV(RAND(),Sheet2!H$17-SQRT(3)*Sheet2!H$18,Sheet2!H$17+SQRT(3)*Sheet2!H$18)} -> 20.164396 | G62: {=[1]!UNIFORM_INV(RAND(),Sheet2!I$17-SQRT(3)*Sheet2!I$18,Sheet2!I$17+SQRT(3)*Sheet2!I$18)} -> 11.488165 | H62: {=[1]!UNIFORM_INV(RAND(),Sheet2!J$17-SQRT(3)*Sheet2!J$18,Sheet2!J$17+SQRT(3)*Sheet2!J$18)} -> 22.415522 | ... X62: {=[1]!UNIFORM_INV(RAND(),Sheet2!Z$17-SQRT(3)*Sheet2!Z$18,Sheet2!Z$17+SQRT(3)*Sheet2!Z$18)} -> 10.106621 | Y62: =AVERAGE(A62:A91) -> 5.4894018 | Z62: =AVERAGE(B62:B91) -> 4.8972207 | AA62: =AVERAGE(C62:C91) -> 27.210139 | AB62: =AVERAGE(D62:D91) -> 4.1586467 | AC62: =AVERAGE(E62:E91) -> 33.159159 | AD62: =AVERAGE(F62:F91) -> 20.426444 | AE62: =AVERAGE(G62:G91) -> 10.008685 | AF62: =AVERAGE(H62:H91) -> 25.142084 | ... AV62: =AVERAGE(X62:X91) -> 9.8556949 | AX62: =Sheet2!C$17+('RNG HERE'!A62-'RNG HERE'!Y$62)*Sheet2!C$18/'RNG HERE'!Y$63 -> 4.8227382 | AY62: =Sheet2!D$17+('RNG HERE'!B62-'RNG HERE'!Z$62)*Sheet2!D$18/'RNG HERE'!Z$63 -> 5.7192103 | AZ62: =Sheet2!E$17+('RNG HERE'!C62-'RNG HERE'!AA$62)*Sheet2!E$18/'RNG HERE'!AA$63 -> 29.180662 | BA62: =Sheet2!F$17+('RNG HERE'!D62-'RNG HERE'!AB$62)*Sheet2!F$18/'RNG HERE'!AB$63 -> -2.0725074 | BB62: =Sheet2!G$17+('RNG HERE'!E62-'RNG HERE'!AC$62)*Sheet2!G$18/'RNG HERE'!AC$63 -> 34.643781 | BC62: =Sheet2!H$17+('RNG HERE'!F62-'RNG HERE'!AD$62)*Sheet2!H$18/'RNG HERE'!AD$63 -> 20.83949 | BD62: =Sheet2!I$17+('RNG HERE'!G62-'RNG HERE'!AE$62)*Sheet2!I$18/'RNG HERE'!AE$63 -> 11.6512 | BE62: =Sheet2!J$17+('RNG HERE'!H62-'RNG HERE'!AF$62)*Sheet2!J$18/'RNG HERE'!AF$63 -> 22.598467 | ... BU62: =Sheet2!Z$17+('RNG HERE'!X62-'RNG HERE'!AV$62)*Sheet2!Z$18/'RNG HERE'!AV$63 -> 10.046315 | BV62: =AVERAGE(AX62:AX91) -> 5.7 | BW62: =AVERAGE(AY62:AY91) -> 5.1 | BX62: =AVERAGE(AZ62:AZ91) -> 27.2 | BY62: =AVERAGE(BA62:BA91) -> 3.5 | BZ62: =AVERAGE(BB62:BB91) -> 34.4 | CA62: =AVERAGE(BC62:BC91) -> 21.1 | CB62: =AVERAGE(BD62:BD91) -> 10.2 | CC62: =AVERAGE(BE62:BE91) -> 25.3 | ... CS62: =AVERAGE(BU62:BU91) -> 9.8
A63: {=[1]!UNIFORM_INV(RAND(),Sheet2!C$17-SQRT(3)*Sheet2!C$18,Sheet2!C$17+SQRT(3)*Sheet2!C$18)} -> 4.9807074 | B63: {=[1]!UNIFORM_INV(RAND(),Sheet2!D$17-SQRT(3)*Sheet2!D$18,Sheet2!D$17+SQRT(3)*Sheet2!D$18)} -> 5.5388473 | C63: {=[1]!UNIFORM_INV(RAND(),Sheet2!E$17-SQRT(3)*Sheet2!E$18,Sheet2!E$17+SQRT(3)*Sheet2!E$18)} -> 28.506624 | D63: {=[1]!UNIFORM_INV(RAND(),Sheet2!F$17-SQRT(3)*Sheet2!F$18,Sheet2!F$17+SQRT(3)*Sheet2!F$18)} -> 7.2061556 | E63: {=[1]!UNIFORM_INV(RAND(),Sheet2!G$17-SQRT(3)*Sheet2!G$18,Sheet2!G$17+SQRT(3)*Sheet2!G$18)} -> 23.827079 | F63: {=[1]!UNIFORM_INV(RAND(),Sheet2!H$17-SQRT(3)*Sheet2!H$18,Sheet2!H$17+SQRT(3)*Sheet2!H$18)} -> 16.40342 | G63: {=[1]!UNIFORM_INV(RAND(),Sheet2!I$17-SQRT(3)*Sheet2!I$18,Sheet2!I$17+SQRT(3)*Sheet2!I$18)} -> 10.415189 | H63: {=[1]!UNIFORM_INV(RAND(),Sheet2!J$17-SQRT(3)*Sheet2!J$18,Sheet2!J$17+SQRT(3)*Sheet2!J$18)} -> 23.566419 | ... X63: {=[1]!UNIFORM_INV(RAND(),Sheet2!Z$17-SQRT(3)*Sheet2!Z$18,Sheet2!Z$17+SQRT(3)*Sheet2!Z$18)} -> 10.082321 | Y63: =_xlfn.STDEV.P(A62:A91) -> 0.7995423 | Z63: =_xlfn.STDEV.P(B62:B91) -> 0.71096981 | AA63: =_xlfn.STDEV.P(C62:C91) -> 1.069923 | AB63: =_xlfn.STDEV.P(D62:D91) -> 3.5827496 | AC63: =_xlfn.STDEV.P(E62:E91) -> 6.7360756 | AD63: =_xlfn.STDEV.P(F62:F91) -> 4.2248003 | AE63: =_xlfn.STDEV.P(G62:G91) -> 0.91753851 | AF63: =_xlfn.STDEV.P(H62:H91) -> 1.8166765 | ... AV63: =_xlfn.STDEV.P(X62:X91) -> 0.91684547 | AX63: =Sheet2!C$17+('RNG HERE'!A63-'RNG HERE'!Y$62)*Sheet2!C$18/'RNG HERE'!Y$63 -> 5.1273911 | AY63: =Sheet2!D$17+('RNG HERE'!B63-'RNG HERE'!Z$62)*Sheet2!D$18/'RNG HERE'!Z$63 -> 5.7317267 | AZ63: =Sheet2!E$17+('RNG HERE'!C63-'RNG HERE'!AA$62)*Sheet2!E$18/'RNG HERE'!AA$63 -> 28.654106 | BA63: =Sheet2!F$17+('RNG HERE'!D63-'RNG HERE'!AB$62)*Sheet2!F$18/'RNG HERE'!AB$63 -> 6.3070004 | BB63: =Sheet2!G$17+('RNG HERE'!E63-'RNG HERE'!AC$62)*Sheet2!G$18/'RNG HERE'!AC$63 -> 25.533515 | BC63: =Sheet2!H$17+('RNG HERE'!F63-'RNG HERE'!AD$62)*Sheet2!H$18/'RNG HERE'!AD$63 -> 17.100592 | BD63: =Sheet2!I$17+('RNG HERE'!G63-'RNG HERE'!AE$62)*Sheet2!I$18/'RNG HERE'!AE$63 -> 10.598734 | BE63: =Sheet2!J$17+('RNG HERE'!H63-'RNG HERE'!AF$62)*Sheet2!J$18/'RNG HERE'!AF$63 -> 23.738799 | ... BU63: =Sheet2!Z$17+('RNG HERE'!X63-'RNG HERE'!AV$62)*Sheet2!Z$18/'RNG HERE'!AV$63 -> 10.022462 | BV63: =_xlfn.STDEV.P(AX62:AX91) -> 0.9 | BW63: =_xlfn.STDEV.P(AY62:AY91) -> 0.7 | BX63: =_xlfn.STDEV.P(AZ62:AZ91) -> 1.2 | BY63: =_xlfn.STDEV.P(BA62:BA91) -> 3.3 | BZ63: =_xlfn.STDEV.P(BB62:BB91) -> 6.4 | CA63: =_xlfn.STDEV.P(BC62:BC91) -> 4.2 | CB63: =_xlfn.STDEV.P(BD62:BD91) -> 0.9 | CC63: =_xlfn.STDEV.P(BE62:BE91) -> 1.8 | ... CS63: =_xlfn.STDEV.P(BU62:BU91) -> 0.9
A64: {=[1]!UNIFORM_INV(RAND(),Sheet2!C$17-SQRT(3)*Sheet2!C$18,Sheet2!C$17+SQRT(3)*Sheet2!C$18)} -> 4.8692375 | B64: {=[1]!UNIFORM_INV(RAND(),Sheet2!D$17-SQRT(3)*Sheet2!D$18,Sheet2!D$17+SQRT(3)*Sheet2!D$18)} -> 6.1192427 | C64: {=[1]!UNIFORM_INV(RAND(),Sheet2!E$17-SQRT(3)*Sheet2!E$18,Sheet2!E$17+SQRT(3)*Sheet2!E$18)} -> 27.955107 | D64: {=[1]!UNIFORM_INV(RAND(),Sheet2!F$17-SQRT(3)*Sheet2!F$18,Sheet2!F$17+SQRT(3)*Sheet2!F$18)} -> 5.9979243 | E64: {=[1]!UNIFORM_INV(RAND(),Sheet2!G$17-SQRT(3)*Sheet2!G$18,Sheet2!G$17+SQRT(3)*Sheet2!G$18)} -> 32.716328 | F64: {=[1]!UNIFORM_INV(RAND(),Sheet2!H$17-SQRT(3)*Sheet2!H$18,Sheet2!H$17+SQRT(3)*Sheet2!H$18)} -> 14.757569 | G64: {=[1]!UNIFORM_INV(RAND(),Sheet2!I$17-SQRT(3)*Sheet2!I$18,Sheet2!I$17+SQRT(3)*Sheet2!I$18)} -> 8.8086146 | H64: {=[1]!UNIFORM_INV(RAND(),Sheet2!J$17-SQRT(3)*Sheet2!J$18,Sheet2!J$17+SQRT(3)*Sheet2!J$18)} -> 25.211107 | ... X64: {=[1]!UNIFORM_INV(RAND(),Sheet2!Z$17-SQRT(3)*Sheet2!Z$18,Sheet2!Z$17+SQRT(3)*Sheet2!Z$18)} -> 11.142199 | AX64: =Sheet2!C$17+('RNG HERE'!A64-'RNG HERE'!Y$62)*Sheet2!C$18/'RNG HERE'!Y$63 -> 5.0019158 | AY64: =Sheet2!D$17+('RNG HERE'!B64-'RNG HERE'!Z$62)*Sheet2!D$18/'RNG HERE'!Z$63 -> 6.3031669 | AZ64: =Sheet2!E$17+('RNG HERE'!C64-'RNG HERE'!AA$62)*Sheet2!E$18/'RNG HERE'!AA$63 -> 28.035538 | BA64: =Sheet2!F$17+('RNG HERE'!D64-'RNG HERE'!AB$62)*Sheet2!F$18/'RNG HERE'!AB$63 -> 5.1941223 | BB64: =Sheet2!G$17+('RNG HERE'!E64-'RNG HERE'!AC$62)*Sheet2!G$18/'RNG HERE'!AC$63 -> 33.979263 | BC64: =Sheet2!H$17+('RNG HERE'!F64-'RNG HERE'!AD$62)*Sheet2!H$18/'RNG HERE'!AD$63 -> 15.464402 | BD64: =Sheet2!I$17+('RNG HERE'!G64-'RNG HERE'!AE$62)*Sheet2!I$18/'RNG HERE'!AE$63 -> 9.0228689 | BE64: =Sheet2!J$17+('RNG HERE'!H64-'RNG HERE'!AF$62)*Sheet2!J$18/'RNG HERE'!AF$63 -> 25.368389 | ... BU64: =Sheet2!Z$17+('RNG HERE'!X64-'RNG HERE'!AV$62)*Sheet2!Z$18/'RNG HERE'!AV$63 -> 11.062867
A65: {=[1]!UNIFORM_INV(RAND(),Sheet2!C$17-SQRT(3)*Sheet2!C$18,Sheet2!C$17+SQRT(3)*Sheet2!C$18)} -> 5.2648622 | B65: {=[1]!UNIFORM_INV(RAND(),Sheet2!D$17-SQRT(3)*Sheet2!D$18,Sheet2!D$17+SQRT(3)*Sheet2!D$18)} -> 5.3866763 | C65: {=[1]!UNIFORM_INV(RAND(),Sheet2!E$17-SQRT(3)*Sheet2!E$18,Sheet2!E$17+SQRT(3)*Sheet2!E$18)} -> 28.681354 | D65: {=[1]!UNIFORM_INV(RAND(),Sheet2!F$17-SQRT(3)*Sheet2!F$18,Sheet2!F$17+SQRT(3)*Sheet2!F$18)} -> 5.4153801 | E65: {=[1]!UNIFORM_INV(RAND(),Sheet2!G$17-SQRT(3)*Sheet2!G$18,Sheet2!G$17+SQRT(3)*Sheet2!G$18)} -> 36.275711 | F65: {=[1]!UNIFORM_INV(RAND(),Sheet2!H$17-SQRT(3)*Sheet2!H$18,Sheet2!H$17+SQRT(3)*Sheet2!H$18)} -> 25.495634 | G65: {=[1]!UNIFORM_INV(RAND(),Sheet2!I$17-SQRT(3)*Sheet2!I$18,Sheet2!I$17+SQRT(3)*Sheet2!I$18)} -> 10.087284 | H65: {=[1]!UNIFORM_INV(RAND(),Sheet2!J$17-SQRT(3)*Sheet2!J$18,Sheet2!J$17+SQRT(3)*Sheet2!J$18)} -> 27.33053 | ... X65: {=[1]!UNIFORM_INV(RAND(),Sheet2!Z$17-SQRT(3)*Sheet2!Z$18,Sheet2!Z$17+SQRT(3)*Sheet2!Z$18)} -> 9.5273985 | AX65: =Sheet2!C$17+('RNG HERE'!A65-'RNG HERE'!Y$62)*Sheet2!C$18/'RNG HERE'!Y$63 -> 5.4472483 | AY65: =Sheet2!D$17+('RNG HERE'!B65-'RNG HERE'!Z$62)*Sheet2!D$18/'RNG HERE'!Z$63 -> 5.5819036 | AZ65: =Sheet2!E$17+('RNG HERE'!C65-'RNG HERE'!AA$62)*Sheet2!E$18/'RNG HERE'!AA$63 -> 28.85008 | BA65: =Sheet2!F$17+('RNG HERE'!D65-'RNG HERE'!AB$62)*Sheet2!F$18/'RNG HERE'!AB$63 -> 4.6575524 | BB65: =Sheet2!G$17+('RNG HERE'!E65-'RNG HERE'!AC$62)*Sheet2!G$18/'RNG HERE'!AC$63 -> 37.361061 | BC65: =Sheet2!H$17+('RNG HERE'!F65-'RNG HERE'!AD$62)*Sheet2!H$18/'RNG HERE'!AD$63 -> 26.139432 | BD65: =Sheet2!I$17+('RNG HERE'!G65-'RNG HERE'!AE$62)*Sheet2!I$18/'RNG HERE'!AE$63 -> 10.277097 | BE65: =Sheet2!J$17+('RNG HERE'!H65-'RNG HERE'!AF$62)*Sheet2!J$18/'RNG HERE'!AF$63 -> 27.468356 | ... BU65: =Sheet2!Z$17+('RNG HERE'!X65-'RNG HERE'!AV$62)*Sheet2!Z$18/'RNG HERE'!AV$63 -> 9.4777355
